[{"model": "contenttypes.contenttype", "pk": 1, "fields": {"app_label": "admin", "model": "logentry"}}, {"model": "contenttypes.contenttype", "pk": 2, "fields": {"app_label": "auth", "model": "group"}}, {"model": "contenttypes.contenttype", "pk": 3, "fields": {"app_label": "auth", "model": "permission"}}, {"model": "contenttypes.contenttype", "pk": 4, "fields": {"app_label": "auth", "model": "user"}}, {"model": "contenttypes.contenttype", "pk": 5, "fields": {"app_label": "contenttypes", "model": "contenttype"}}, {"model": "contenttypes.contenttype", "pk": 6, "fields": {"app_label": "sessions", "model": "session"}}, {"model": "contenttypes.contenttype", "pk": 7, "fields": {"app_label": "main_site", "model": "ingrediente"}}, {"model": "contenttypes.contenttype", "pk": 8, "fields": {"app_label": "main_site", "model": "receita"}}, {"model": "contenttypes.contenttype", "pk": 9, "fields": {"app_label": "main_site", "model": "passo_da_receita"}}, {"model": "contenttypes.contenttype", "pk": 10, "fields": {"app_label": "main_site", "model": "parte_da_receita"}}, {"model": "contenttypes.contenttype", "pk": 11, "fields": {"app_label": "main_site", "model": "foto_receita"}}, {"model": "contenttypes.contenttype", "pk": 12, "fields": {"app_label": "main_site", "model": "perfil"}}, {"model": "contenttypes.contenttype", "pk": 13, "fields": {"app_label": "main_site", "model": "paciente"}}, {"model": "contenttypes.contenttype", "pk": 14, "fields": {"app_label": "main_site", "model": "coach"}}, {"model": "contenttypes.contenttype", "pk": 15, "fields": {"app_label": "authtoken", "model": "token"}}, {"model": "contenttypes.contenttype", "pk": 16, "fields": {"app_label": "main_site", "model": "ordem_passo_na_parte_receita"}}, {"model": "contenttypes.contenttype", "pk": 17, "fields": {"app_label": "main_site", "model": "chat"}}, {"model": "contenttypes.contenttype", "pk": 18, "fields": {"app_label": "main_site", "model": "grupo"}}, {"model": "contenttypes.contenttype", "pk": 19, "fields": {"app_label": "main_site", "model": "foto_perfil"}}, {"model": "contenttypes.contenttype", "pk": 20, "fields": {"app_label": "main_site", "model": "historicallog_peso"}}, {"model": "contenttypes.contenttype", "pk": 21, "fields": {"app_label": "main_site", "model": "log_peso"}}, {"model": "contenttypes.contenttype", "pk": 26, "fields": {"app_label": "main_site", "model": "log_refeicao"}}, {"model": "contenttypes.contenttype", "pk": 27, "fields": {"app_label": "main_site", "model": "porcao"}}, {"model": "contenttypes.contenttype", "pk": 28, "fields": {"app_label": "main_site", "model": "refeicao"}}, {"model": "contenttypes.contenttype", "pk": 29, "fields": {"app_label": "main_site", "model": "diario_alimentar"}}, {"model": "contenttypes.contenttype", "pk": 30, "fields": {"app_label": "main_site", "model": "foto_refeicao"}}, {"model": "contenttypes.contenttype", "pk": 31, "fields": {"app_label": "main_site", "model": "historicallog_item"}}, {"model": "contenttypes.contenttype", "pk": 32, "fields": {"app_label": "main_site", "model": "historicallog_meal"}}, {"model": "contenttypes.contenttype", "pk": 33, "fields": {"app_label": "main_site", "model": "log_item"}}, {"model": "contenttypes.contenttype", "pk": 34, "fields": {"app_label": "main_site", "model": "person"}}, {"model": "contenttypes.contenttype", "pk": 35, "fields": {"app_label": "main_site", "model": "historicallog_weight"}}, {"model": "contenttypes.contenttype", "pk": 36, "fields": {"app_label": "main_site", "model": "log_weight"}}, {"model": "contenttypes.contenttype", "pk": 37, "fields": {"app_label": "main_site", "model": "log_meal"}}, {"model": "sessions.session", "pk": "8ecirscvgitqbit4kylq4619pilmbawf", "fields": {"session_data": "YzhjNThiMTkwYjBhMzQ0YTZjOWUxMjI3Mjg5NTE4NTFhZWY4NzMwNDp7Il9hdXRoX3VzZXJfYmFja2VuZCI6ImRqYW5nby5jb250cmliLmF1dGguYmFja2VuZHMuTW9kZWxCYWNrZW5kIiwiX2F1dGhfdXNlcl9pZCI6IjEiLCJfYXV0aF91c2VyX2hhc2giOiIyNWFmNmQwMmEwNmM1NmExNjcwMjhkZjViMDIwMjI3NmIzYjAwY2JhIn0=", "expire_date": "2017-03-31T14:38:52.909Z"}}, {"model": "sessions.session", "pk": "q9g05bbfpmhztglorqh30t729xpzxt9t", "fields": {"session_data": "ZjY1Zjg4NzQ3NGM2M2E3ZmQ2ZjQzZjZiOWFjYmM5NmY5Yjg3YzVhNzp7Il9hdXRoX3VzZXJfaGFzaCI6IjI1YWY2ZDAyYTA2YzU2YTE2NzAyOGRmNWIwMjAyMjc2YjNiMDBjYmEiLCJfYXV0aF91c2VyX2JhY2tlbmQiOiJkamFuZ28uY29udHJpYi5hdXRoLmJhY2tlbmRzLk1vZGVsQmFja2VuZCIsIl9hdXRoX3VzZXJfaWQiOiIxIn0=", "expire_date": "2017-03-27T21:05:45.489Z"}}, {"model": "sessions.session", "pk": "sgqkua23pv623c888cigr7nvapey4bxm", "fields": {"session_data": "ZjY1Zjg4NzQ3NGM2M2E3ZmQ2ZjQzZjZiOWFjYmM5NmY5Yjg3YzVhNzp7Il9hdXRoX3VzZXJfaGFzaCI6IjI1YWY2ZDAyYTA2YzU2YTE2NzAyOGRmNWIwMjAyMjc2YjNiMDBjYmEiLCJfYXV0aF91c2VyX2JhY2tlbmQiOiJkamFuZ28uY29udHJpYi5hdXRoLmJhY2tlbmRzLk1vZGVsQmFja2VuZCIsIl9hdXRoX3VzZXJfaWQiOiIxIn0=", "expire_date": "2017-01-02T16:09:43.618Z"}}, {"model": "sessions.session", "pk": "udkyyn2av3giko0780k3g9nzd68qcww0", "fields": {"session_data": "MGI0ZDJkNjlmNDljNWIxMzg4YWIzZmZhMmFkMGRjNjg5YTRjODAzMzp7Il9hdXRoX3VzZXJfaWQiOiIxIiwiX2F1dGhfdXNlcl9oYXNoIjoiMjVhZjZkMDJhMDZjNTZhMTY3MDI4ZGY1YjAyMDIyNzZiM2IwMGNiYSIsIl9hdXRoX3VzZXJfYmFja2VuZCI6ImRqYW5nby5jb250cmliLmF1dGguYmFja2VuZHMuTW9kZWxCYWNrZW5kIn0=", "expire_date": "2017-01-27T20:45:57.649Z"}}, {"model": "sessions.session", "pk": "z9py1os7i6shmvd790xspafkli28l4y2", "fields": {"session_data": "NmJhNWM0MjY0ZTMxNDEwNzRmMTk5NzQxY2E4Y2U0ZDA4Y2FkOGYwNTp7Il9hdXRoX3VzZXJfaGFzaCI6IjI1YWY2ZDAyYTA2YzU2YTE2NzAyOGRmNWIwMjAyMjc2YjNiMDBjYmEiLCJfYXV0aF91c2VyX2lkIjoiMSIsIl9hdXRoX3VzZXJfYmFja2VuZCI6ImRqYW5nby5jb250cmliLmF1dGguYmFja2VuZHMuTW9kZWxCYWNrZW5kIn0=", "expire_date": "2017-03-23T17:16:28.511Z"}}, {"model": "main_site.ingrediente", "pk": 2, "fields": {"quantidade": "400 ml", "nome_ingrediente": "Leite Desnatado"}}, {"model": "main_site.ingrediente", "pk": 5, "fields": {"quantidade": "350 ml", "nome_ingrediente": "Leite condensado"}}, {"model": "main_site.ingrediente", "pk": 6, "fields": {"quantidade": "1 colher de sopa", "nome_ingrediente": "cacau em p\u00f3"}}, {"model": "main_site.ingrediente", "pk": 8, "fields": {"quantidade": "2", "nome_ingrediente": "claras de ovos"}}, {"model": "main_site.ingrediente", "pk": 10, "fields": {"quantidade": "150 g", "nome_ingrediente": "farinha de trigo"}}, {"model": "main_site.ingrediente", "pk": 11, "fields": {"quantidade": "1/2 tablete", "nome_ingrediente": "manteiga derretida"}}, {"model": "main_site.ingrediente", "pk": 12, "fields": {"quantidade": "6 colheres (sopa)", "nome_ingrediente": "chocolate em p\u00f3"}}, {"model": "main_site.ingrediente", "pk": 13, "fields": {"quantidade": "2 x\u00edcaras", "nome_ingrediente": "farinha de trigo"}}, {"model": "main_site.ingrediente", "pk": 16, "fields": {"quantidade": "1 colher (sopa)", "nome_ingrediente": "fermento em p\u00f3 Dr. Oetker"}}, {"model": "main_site.ingrediente", "pk": 17, "fields": {"quantidade": "1 copo", "nome_ingrediente": "suco de laranja"}}, {"model": "main_site.ingrediente", "pk": 18, "fields": {"quantidade": "1 garrafa pequena", "nome_ingrediente": "leite de coco"}}, {"model": "main_site.ingrediente", "pk": 19, "fields": {"quantidade": "5 pacotinhos", "nome_ingrediente": "Pa\u00e7oca"}}, {"model": "main_site.ingrediente", "pk": 20, "fields": {"quantidade": "2 colheres de ch\u00e1", "nome_ingrediente": "baunilha"}}, {"model": "main_site.ingrediente", "pk": 21, "fields": {"quantidade": "1 lata", "nome_ingrediente": "milho verde (com a \u00e1gua)"}}, {"model": "main_site.ingrediente", "pk": 22, "fields": {"quantidade": "1 lata", "nome_ingrediente": "leite condensado"}}, {"model": "main_site.ingrediente", "pk": 23, "fields": {"quantidade": "1 pacote", "nome_ingrediente": "coco ralado"}}, {"model": "main_site.ingrediente", "pk": 24, "fields": {"quantidade": "1 colher", "nome_ingrediente": "margarina sem sal"}}, {"model": "main_site.ingrediente", "pk": 25, "fields": {"quantidade": "8 colheres", "nome_ingrediente": "achocolatado em p\u00f3"}}, {"model": "main_site.ingrediente", "pk": 26, "fields": {"quantidade": null, "nome_ingrediente": "1 x\u00edcara de a\u00e7\u00facar"}}, {"model": "main_site.ingrediente", "pk": 27, "fields": {"quantidade": null, "nome_ingrediente": "1 e 1/2 vidro de creme de avel\u00e3 do pequeno"}}, {"model": "main_site.ingrediente", "pk": 28, "fields": {"quantidade": null, "nome_ingrediente": "150 g de farinha de trigo (1 x\u00edcara cheia)"}}, {"model": "main_site.ingrediente", "pk": 29, "fields": {"quantidade": null, "nome_ingrediente": "1 colher de ch\u00e1 de fermento em p\u00f3"}}, {"model": "main_site.ingrediente", "pk": 30, "fields": {"quantidade": "3000 ml", "nome_ingrediente": "chocolate ao leite"}}, {"model": "main_site.ingrediente", "pk": 31, "fields": {"quantidade": "200ml", "nome_ingrediente": "agua com gas"}}, {"model": "main_site.ingrediente", "pk": 32, "fields": {"quantidade": null, "nome_ingrediente": "1/2 colher (sopa) de fermento em p\u00f3"}}, {"model": "main_site.ingrediente", "pk": 33, "fields": {"quantidade": null, "nome_ingrediente": "1 pote de sorvete de chocolate Nestl\u00e9 (2 litros)"}}, {"model": "main_site.ingrediente", "pk": 34, "fields": {"quantidade": null, "nome_ingrediente": "4 ovos"}}, {"model": "main_site.ingrediente", "pk": 35, "fields": {"quantidade": null, "nome_ingrediente": "2 x\u00edcaras (ch\u00e1) de leite"}}, {"model": "main_site.ingrediente", "pk": 36, "fields": {"quantidade": null, "nome_ingrediente": "100 g de manteiga, em temperatura ambiente"}}, {"model": "main_site.ingrediente", "pk": 37, "fields": {"quantidade": null, "nome_ingrediente": "2 x\u00edcaras (ch\u00e1) de a\u00e7\u00facar"}}, {"model": "main_site.ingrediente", "pk": 38, "fields": {"quantidade": null, "nome_ingrediente": "1 x\u00edcara (ch\u00e1) de chocolate em p\u00f3 sol\u00favel Nestl\u00e9"}}, {"model": "main_site.ingrediente", "pk": 39, "fields": {"quantidade": null, "nome_ingrediente": "2 x\u00edcaras (ch\u00e1) de farinha de trigo"}}, {"model": "main_site.ingrediente", "pk": 40, "fields": {"quantidade": null, "nome_ingrediente": "1 e 1/2 x\u00edcara de amido de milho"}}, {"model": "main_site.ingrediente", "pk": 41, "fields": {"quantidade": null, "nome_ingrediente": "5 colheres (sopa) de farinha de trigo sem fermento"}}, {"model": "main_site.ingrediente", "pk": 42, "fields": {"quantidade": null, "nome_ingrediente": "5 colheres (sopa) de a\u00e7\u00facar"}}, {"model": "main_site.ingrediente", "pk": 43, "fields": {"quantidade": null, "nome_ingrediente": "7 colheres (sopa) de margarina com sal"}}, {"model": "main_site.ingrediente", "pk": 44, "fields": {"quantidade": null, "nome_ingrediente": "4 x\u00edcaras de leite"}}, {"model": "main_site.ingrediente", "pk": 45, "fields": {"quantidade": null, "nome_ingrediente": "3 x\u00edcaras de a\u00e7\u00facar"}}, {"model": "main_site.ingrediente", "pk": 46, "fields": {"quantidade": null, "nome_ingrediente": "2 colheres de farinha de trigo"}}, {"model": "main_site.ingrediente", "pk": 47, "fields": {"quantidade": null, "nome_ingrediente": "1 e 1/2 x\u00edcara de fub\u00e1"}}, {"model": "main_site.ingrediente", "pk": 48, "fields": {"quantidade": null, "nome_ingrediente": "2 colheres de margarina"}}, {"model": "main_site.ingrediente", "pk": 49, "fields": {"quantidade": null, "nome_ingrediente": "100 g de queijo ralado"}}, {"model": "main_site.ingrediente", "pk": 50, "fields": {"quantidade": null, "nome_ingrediente": "1 colher de fermento em p\u00f3"}}, {"model": "main_site.ingrediente", "pk": 51, "fields": {"quantidade": null, "nome_ingrediente": "1 colher (ch\u00e1) de fermento em p\u00f3"}}, {"model": "main_site.ingrediente", "pk": 52, "fields": {"quantidade": null, "nome_ingrediente": "300 g de chocolate meio amargo picado"}}, {"model": "main_site.ingrediente", "pk": 53, "fields": {"quantidade": null, "nome_ingrediente": "1 colher (ch\u00e1) de ess\u00eancia de baunilha"}}, {"model": "main_site.ingrediente", "pk": 54, "fields": {"quantidade": null, "nome_ingrediente": "para fazer cookie de chocolate acrescentar 1/4 x\u00edcara de chocolate em p\u00f3"}}, {"model": "main_site.ingrediente", "pk": 55, "fields": {"quantidade": null, "nome_ingrediente": "125 g de manteiga sem sal em temperatura ambiente"}}, {"model": "main_site.ingrediente", "pk": 56, "fields": {"quantidade": null, "nome_ingrediente": "3/4 x\u00edcara de a\u00e7\u00facar"}}, {"model": "main_site.ingrediente", "pk": 57, "fields": {"quantidade": null, "nome_ingrediente": "1/2 x\u00edcara de a\u00e7\u00facar mascavo"}}, {"model": "main_site.ingrediente", "pk": 58, "fields": {"quantidade": null, "nome_ingrediente": "1 ovo"}}, {"model": "main_site.ingrediente", "pk": 59, "fields": {"quantidade": null, "nome_ingrediente": "1 e 3/4 x\u00edcara de farinha de trigo"}}, {"model": "main_site.ingrediente", "pk": 60, "fields": {"quantidade": null, "nome_ingrediente": "1 x\u00edcara de ch\u00e1 de manteiga"}}, {"model": "main_site.ingrediente", "pk": 61, "fields": {"quantidade": null, "nome_ingrediente": "1 x\u00edcara de ch\u00e1 rasa de a\u00e7\u00facar"}}, {"model": "main_site.ingrediente", "pk": 62, "fields": {"quantidade": null, "nome_ingrediente": "1 lata de creme de leite"}}, {"model": "main_site.ingrediente", "pk": 63, "fields": {"quantidade": null, "nome_ingrediente": "2 x\u00edcaras de farinha de trigo"}}, {"model": "main_site.ingrediente", "pk": 64, "fields": {"quantidade": null, "nome_ingrediente": "2 x\u00edcaras de a\u00e7\u00facar"}}, {"model": "main_site.ingrediente", "pk": 65, "fields": {"quantidade": null, "nome_ingrediente": "1 x\u00edcara de leite"}}, {"model": "main_site.ingrediente", "pk": 66, "fields": {"quantidade": null, "nome_ingrediente": "6 colheres (sopa) de chocolate em p\u00f3"}}, {"model": "main_site.ingrediente", "pk": 67, "fields": {"quantidade": null, "nome_ingrediente": "1 colher (sopa) de fermento em p\u00f3"}}, {"model": "main_site.ingrediente", "pk": 68, "fields": {"quantidade": null, "nome_ingrediente": "6 ovos"}}, {"model": "main_site.ingrediente", "pk": 69, "fields": {"quantidade": null, "nome_ingrediente": "1 lata de leite condensado"}}, {"model": "main_site.ingrediente", "pk": 70, "fields": {"quantidade": null, "nome_ingrediente": "1/2 copo (americano) de suco puro de lim\u00e3o"}}, {"model": "main_site.ingrediente", "pk": 71, "fields": {"quantidade": null, "nome_ingrediente": "bis de lim\u00e3o"}}, {"model": "main_site.ingrediente", "pk": 72, "fields": {"quantidade": null, "nome_ingrediente": "1/2 tablete de manteiga derretida (100 g)"}}, {"model": "main_site.ingrediente", "pk": 73, "fields": {"quantidade": null, "nome_ingrediente": "3 ovos"}}, {"model": "main_site.ingrediente", "pk": 74, "fields": {"quantidade": null, "nome_ingrediente": "1 lata de Nescau"}}, {"model": "main_site.ingrediente", "pk": 75, "fields": {"quantidade": null, "nome_ingrediente": "1 colher de sopa de cacau em p\u00f3"}}, {"model": "main_site.ingrediente", "pk": 76, "fields": {"quantidade": null, "nome_ingrediente": "200 g de nozes picadas (reserve um pouco para salpicar por cima)"}}, {"model": "main_site.ingrediente", "pk": 77, "fields": {"quantidade": null, "nome_ingrediente": "1 lata de leite condensando"}}, {"model": "main_site.ingrediente", "pk": 78, "fields": {"quantidade": null, "nome_ingrediente": "1/2 x\u00edcara de suco de lim\u00e3o (esse suco \u00e9 puro mesmo, sem \u00e1gua, \u00e9 s\u00f3 espremer o lim\u00e3o)"}}, {"model": "main_site.ingrediente", "pk": 79, "fields": {"quantidade": null, "nome_ingrediente": "3 x\u00edcaras (ch\u00e1) de farinha de trigo"}}, {"model": "main_site.ingrediente", "pk": 80, "fields": {"quantidade": null, "nome_ingrediente": "1 copo (americano) de suco de laranja"}}, {"model": "main_site.ingrediente", "pk": 81, "fields": {"quantidade": null, "nome_ingrediente": "1 garrafa pequena de leite de coco"}}, {"model": "main_site.ingrediente", "pk": 82, "fields": {"quantidade": null, "nome_ingrediente": "1 garrafa de leite (utilize a mesma garrafa do leite de coco como medida)"}}, {"model": "main_site.ingrediente", "pk": 83, "fields": {"quantidade": null, "nome_ingrediente": "1 pacote de coco ralado sem a\u00e7\u00facar"}}, {"model": "main_site.ingrediente", "pk": 84, "fields": {"quantidade": null, "nome_ingrediente": "1  garrafa pequena de leite de coco"}}, {"model": "main_site.ingrediente", "pk": 85, "fields": {"quantidade": null, "nome_ingrediente": "2 colheres (ch\u00e1) de fermento"}}, {"model": "main_site.ingrediente", "pk": 86, "fields": {"quantidade": null, "nome_ingrediente": "7 colheres (sopa) de chocolate em p\u00f3"}}, {"model": "main_site.ingrediente", "pk": 87, "fields": {"quantidade": null, "nome_ingrediente": "2 latas de creme de leite com soro"}}, {"model": "main_site.ingrediente", "pk": 88, "fields": {"quantidade": null, "nome_ingrediente": "3 colheres (sopa) de a\u00e7\u00facar"}}, {"model": "main_site.ingrediente", "pk": 89, "fields": {"quantidade": null, "nome_ingrediente": "2 colheres (sopa) de manteiga"}}, {"model": "main_site.ingrediente", "pk": 90, "fields": {"quantidade": null, "nome_ingrediente": "1 x\u00edcara (ch\u00e1) de leite"}}, {"model": "main_site.passo_da_receita", "pk": 47, "fields": {"descricao": "Reserve na travessa"}}, {"model": "main_site.passo_da_receita", "pk": 48, "fields": {"descricao": "Deixe em banho Maria"}}, {"model": "main_site.passo_da_receita", "pk": 49, "fields": {"descricao": "Leve ao forno"}}, {"model": "main_site.passo_da_receita", "pk": 50, "fields": {"descricao": "Jogue o leite na panela"}}, {"model": "main_site.passo_da_receita", "pk": 51, "fields": {"descricao": "Misture com com o Nescau"}}, {"model": "main_site.passo_da_receita", "pk": 52, "fields": {"descricao": "Pr\u00e9-aque\u00e7a o forno em 180\u00b0C e unte e enfarinhe uma f\u00f4rma m\u00e9dia"}}, {"model": "main_site.passo_da_receita", "pk": 53, "fields": {"descricao": "Reserve"}}, {"model": "main_site.passo_da_receita", "pk": 54, "fields": {"descricao": "Leve a creme de avel\u00e3 ao micro-ondas por 1 minuto na pot\u00eancia m\u00e9dia"}}, {"model": "main_site.passo_da_receita", "pk": 55, "fields": {"descricao": "Misturar a manteiga, levar por mais 30 segundos"}}, {"model": "main_site.passo_da_receita", "pk": 56, "fields": {"descricao": "Acrescente a creme de avel\u00e3 e a manteiga em uma vasilha e na seguinte ordem: o a\u00e7\u00facar, o cacau, os ovos, a baunilha, a farinha, o fermento e as nozes"}}, {"model": "main_site.passo_da_receita", "pk": 57, "fields": {"descricao": "No liquidificador, bata o leite condensado e o creme de leite por 3 minutos"}}, {"model": "main_site.passo_da_receita", "pk": 58, "fields": {"descricao": "Acrescente aos poucos o suco de lim\u00e3o e continue batendo"}}, {"model": "main_site.passo_da_receita", "pk": 59, "fields": {"descricao": "Despeje o mousse em um refrat\u00e1rio e leve \u00e0 geladeira"}}, {"model": "main_site.passo_da_receita", "pk": 60, "fields": {"descricao": "Na hora de servir, triture o bis e coloque por cima do mousse para decorar"}}, {"model": "main_site.passo_da_receita", "pk": 61, "fields": {"descricao": "Coloque no liquidificador o creme de leite (com soro mesmo) e o leite condensado"}}, {"model": "main_site.passo_da_receita", "pk": 62, "fields": {"descricao": "Bata um pouco e depois v\u00e1 acrescentando o suco do lim\u00e3o, aos poucos"}}, {"model": "main_site.passo_da_receita", "pk": 63, "fields": {"descricao": "Ele vai ficar bem consistente, leve \u00e0 geladeira"}}, {"model": "main_site.passo_da_receita", "pk": 64, "fields": {"descricao": "Em uma batedeira, bata as claras em neve acrescentando o a\u00e7\u00facar aos poucos e bata por 3 minutos"}}, {"model": "main_site.passo_da_receita", "pk": 65, "fields": {"descricao": "Adicione as gemas, o trigo, o suco e continue batendo at\u00e9 formar uma massa homog\u00eanea"}}, {"model": "main_site.passo_da_receita", "pk": 66, "fields": {"descricao": "Por \u00faltimo, adicione o fermento e bata por mais 40 segundos na menor velocidade da batedeira"}}, {"model": "main_site.passo_da_receita", "pk": 67, "fields": {"descricao": "Despeje a massa em uma forma m\u00e9dia e untada"}}, {"model": "main_site.passo_da_receita", "pk": 68, "fields": {"descricao": "Asse em forno preaquecido em temperatura m\u00e9dia de 180 \u00b0C por 40 minutos ou at\u00e9 dourar"}}, {"model": "main_site.passo_da_receita", "pk": 69, "fields": {"descricao": "Em uma tigela, misture o leite de coco, o leite, o leite condensado e reserve"}}, {"model": "main_site.passo_da_receita", "pk": 70, "fields": {"descricao": "Ap\u00f3s 40 minutos, retire o bolo do forno e fure toda a sua superf\u00edcie com um garfo para facilitar a penetra\u00e7\u00e3o da cobertura"}}, {"model": "main_site.passo_da_receita", "pk": 71, "fields": {"descricao": "Leve a geladeira por 3 horas, depois corte o bolo em quadrados do tamanho que preferir e embrulhe com papel alum\u00ednio"}}, {"model": "main_site.passo_da_receita", "pk": 72, "fields": {"descricao": "Conserve na geladeira"}}, {"model": "main_site.passo_da_receita", "pk": 73, "fields": {"descricao": "Com o bolo ainda quente, despeje a cobertura sobre ele e salpique por cima o coco ralado"}}, {"model": "main_site.passo_da_receita", "pk": 74, "fields": {"descricao": "Em um liquidificador adicione os ovos, o chocolate em p\u00f3, a manteiga, a farinha de trigo, o a\u00e7\u00facar e o leite, depois bata por 5 minutos"}}, {"model": "main_site.passo_da_receita", "pk": 75, "fields": {"descricao": "Adicione o fermento e misture com uma esp\u00e1tula delicadamente"}}, {"model": "main_site.passo_da_receita", "pk": 76, "fields": {"descricao": "Em uma forma untada, despeje a massa e asse em forno m\u00e9dio 180 \u00baC, preaquecido por cerca de 40 minutos"}}, {"model": "main_site.passo_da_receita", "pk": 77, "fields": {"descricao": "Em uma panela, aque\u00e7a a manteiga e misture o chocolate em p\u00f3 at\u00e9 que esteja homog\u00eaneo"}}, {"model": "main_site.passo_da_receita", "pk": 78, "fields": {"descricao": "Acrescente o creme de leite e misture bem at\u00e9 obter uma consist\u00eancia cremosa"}}, {"model": "main_site.passo_da_receita", "pk": 79, "fields": {"descricao": "Desligue o fogo e acrescente o a\u00e7\u00facar"}}, {"model": "main_site.passo_da_receita", "pk": 80, "fields": {"descricao": "\u00c0 parte peneire a farinha de trigo com o fermento em p\u00f3 e o sal e vai acrescentando-se aos poucos a mistura, mexendo apenas"}}, {"model": "main_site.passo_da_receita", "pk": 81, "fields": {"descricao": "Por \u00faltimo acrescente as frutas cristalizadas picadas, que devem ter ficado embebidas em uma x\u00edcara de rum"}}, {"model": "main_site.passo_da_receita", "pk": 82, "fields": {"descricao": "Unte com manteiga e farinha de trigo uma forma redonda de buraco no meio e despeje a massa"}}, {"model": "main_site.parte_da_receita", "pk": 1, "fields": {"nome_da_parte": "Massa", "ingredientes": [23, 26]}}, {"model": "main_site.parte_da_receita", "pk": 2, "fields": {"nome_da_parte": "Cobertura", "ingredientes": [20, 22]}}, {"model": "main_site.parte_da_receita", "pk": 3, "fields": {"nome_da_parte": null, "ingredientes": [69, 74]}}, {"model": "main_site.parte_da_receita", "pk": 4, "fields": {"nome_da_parte": null, "ingredientes": [26, 27, 72, 73]}}, {"model": "main_site.parte_da_receita", "pk": 5, "fields": {"nome_da_parte": null, "ingredientes": [28, 29, 75, 76]}}, {"model": "main_site.parte_da_receita", "pk": 6, "fields": {"nome_da_parte": null, "ingredientes": [62, 69, 70, 71]}}, {"model": "main_site.parte_da_receita", "pk": 7, "fields": {"nome_da_parte": null, "ingredientes": [62, 69, 70, 71]}}, {"model": "main_site.parte_da_receita", "pk": 8, "fields": {"nome_da_parte": null, "ingredientes": [62, 77, 78]}}, {"model": "main_site.parte_da_receita", "pk": 9, "fields": {"nome_da_parte": null, "ingredientes": [34, 37, 67, 79, 80]}}, {"model": "main_site.parte_da_receita", "pk": 10, "fields": {"nome_da_parte": null, "ingredientes": [81, 82]}}, {"model": "main_site.parte_da_receita", "pk": 11, "fields": {"nome_da_parte": null, "ingredientes": [69, 83]}}, {"model": "main_site.parte_da_receita", "pk": 12, "fields": {"nome_da_parte": null, "ingredientes": [69, 82, 83]}}, {"model": "main_site.parte_da_receita", "pk": 13, "fields": {"nome_da_parte": null, "ingredientes": [67, 79, 80]}}, {"model": "main_site.parte_da_receita", "pk": 14, "fields": {"nome_da_parte": null, "ingredientes": [69, 82, 83, 84]}}, {"model": "main_site.parte_da_receita", "pk": 15, "fields": {"nome_da_parte": null, "ingredientes": [82, 83, 84]}}, {"model": "main_site.parte_da_receita", "pk": 16, "fields": {"nome_da_parte": null, "ingredientes": [34, 37, 79, 80]}}, {"model": "main_site.parte_da_receita", "pk": 17, "fields": {"nome_da_parte": null, "ingredientes": [34, 37, 79]}}, {"model": "main_site.parte_da_receita", "pk": 18, "fields": {"nome_da_parte": null, "ingredientes": [37, 79, 85]}}, {"model": "main_site.parte_da_receita", "pk": 19, "fields": {"nome_da_parte": null, "ingredientes": [86, 87, 88]}}, {"model": "main_site.parte_da_receita", "pk": 20, "fields": {"nome_da_parte": null, "ingredientes": [86, 89]}}, {"model": "main_site.parte_da_receita", "pk": 21, "fields": {"nome_da_parte": null, "ingredientes": [86, 87, 89]}}, {"model": "main_site.parte_da_receita", "pk": 22, "fields": {"nome_da_parte": null, "ingredientes": [37, 79, 85, 90]}}, {"model": "main_site.parte_da_receita", "pk": 23, "fields": {"nome_da_parte": null, "ingredientes": [34, 60, 61, 62]}}, {"model": "main_site.ordem_passo_na_parte_receita", "pk": 1, "fields": {"passo": 47, "parte_da_receita": 1, "ordem_passo_na_parte": 1}}, {"model": "main_site.ordem_passo_na_parte_receita", "pk": 2, "fields": {"passo": 48, "parte_da_receita": 1, "ordem_passo_na_parte": 2}}, {"model": "main_site.ordem_passo_na_parte_receita", "pk": 3, "fields": {"passo": 49, "parte_da_receita": 2, "ordem_passo_na_parte": 1}}, {"model": "main_site.ordem_passo_na_parte_receita", "pk": 4, "fields": {"passo": 47, "parte_da_receita": 2, "ordem_passo_na_parte": 2}}, {"model": "main_site.ordem_passo_na_parte_receita", "pk": 5, "fields": {"passo": 48, "parte_da_receita": 2, "ordem_passo_na_parte": 3}}, {"model": "main_site.ordem_passo_na_parte_receita", "pk": 6, "fields": {"passo": 50, "parte_da_receita": 3, "ordem_passo_na_parte": 0}}, {"model": "main_site.ordem_passo_na_parte_receita", "pk": 7, "fields": {"passo": 51, "parte_da_receita": 3, "ordem_passo_na_parte": 1}}, {"model": "main_site.ordem_passo_na_parte_receita", "pk": 8, "fields": {"passo": 48, "parte_da_receita": 3, "ordem_passo_na_parte": 2}}, {"model": "main_site.ordem_passo_na_parte_receita", "pk": 9, "fields": {"passo": 47, "parte_da_receita": 3, "ordem_passo_na_parte": 3}}, {"model": "main_site.ordem_passo_na_parte_receita", "pk": 10, "fields": {"passo": 52, "parte_da_receita": 4, "ordem_passo_na_parte": 1}}, {"model": "main_site.ordem_passo_na_parte_receita", "pk": 11, "fields": {"passo": 53, "parte_da_receita": 4, "ordem_passo_na_parte": 2}}, {"model": "main_site.ordem_passo_na_parte_receita", "pk": 12, "fields": {"passo": 54, "parte_da_receita": 4, "ordem_passo_na_parte": 3}}, {"model": "main_site.ordem_passo_na_parte_receita", "pk": 13, "fields": {"passo": 55, "parte_da_receita": 4, "ordem_passo_na_parte": 4}}, {"model": "main_site.ordem_passo_na_parte_receita", "pk": 14, "fields": {"passo": 55, "parte_da_receita": 5, "ordem_passo_na_parte": 1}}, {"model": "main_site.ordem_passo_na_parte_receita", "pk": 15, "fields": {"passo": 56, "parte_da_receita": 5, "ordem_passo_na_parte": 2}}, {"model": "main_site.ordem_passo_na_parte_receita", "pk": 16, "fields": {"passo": 52, "parte_da_receita": 5, "ordem_passo_na_parte": 3}}, {"model": "main_site.ordem_passo_na_parte_receita", "pk": 17, "fields": {"passo": 53, "parte_da_receita": 5, "ordem_passo_na_parte": 4}}, {"model": "main_site.ordem_passo_na_parte_receita", "pk": 18, "fields": {"passo": 57, "parte_da_receita": 6, "ordem_passo_na_parte": 1}}, {"model": "main_site.ordem_passo_na_parte_receita", "pk": 19, "fields": {"passo": 58, "parte_da_receita": 6, "ordem_passo_na_parte": 2}}, {"model": "main_site.ordem_passo_na_parte_receita", "pk": 20, "fields": {"passo": 59, "parte_da_receita": 6, "ordem_passo_na_parte": 3}}, {"model": "main_site.ordem_passo_na_parte_receita", "pk": 21, "fields": {"passo": 60, "parte_da_receita": 6, "ordem_passo_na_parte": 4}}, {"model": "main_site.ordem_passo_na_parte_receita", "pk": 22, "fields": {"passo": 59, "parte_da_receita": 7, "ordem_passo_na_parte": 1}}, {"model": "main_site.ordem_passo_na_parte_receita", "pk": 23, "fields": {"passo": 60, "parte_da_receita": 7, "ordem_passo_na_parte": 2}}, {"model": "main_site.ordem_passo_na_parte_receita", "pk": 24, "fields": {"passo": 57, "parte_da_receita": 7, "ordem_passo_na_parte": 3}}, {"model": "main_site.ordem_passo_na_parte_receita", "pk": 25, "fields": {"passo": 58, "parte_da_receita": 7, "ordem_passo_na_parte": 4}}, {"model": "main_site.ordem_passo_na_parte_receita", "pk": 26, "fields": {"passo": 61, "parte_da_receita": 8, "ordem_passo_na_parte": 1}}, {"model": "main_site.ordem_passo_na_parte_receita", "pk": 27, "fields": {"passo": 62, "parte_da_receita": 8, "ordem_passo_na_parte": 2}}, {"model": "main_site.ordem_passo_na_parte_receita", "pk": 28, "fields": {"passo": 63, "parte_da_receita": 8, "ordem_passo_na_parte": 3}}, {"model": "main_site.ordem_passo_na_parte_receita", "pk": 29, "fields": {"passo": 64, "parte_da_receita": 9, "ordem_passo_na_parte": 1}}, {"model": "main_site.ordem_passo_na_parte_receita", "pk": 30, "fields": {"passo": 65, "parte_da_receita": 9, "ordem_passo_na_parte": 2}}, {"model": "main_site.ordem_passo_na_parte_receita", "pk": 31, "fields": {"passo": 66, "parte_da_receita": 9, "ordem_passo_na_parte": 3}}, {"model": "main_site.ordem_passo_na_parte_receita", "pk": 32, "fields": {"passo": 67, "parte_da_receita": 9, "ordem_passo_na_parte": 4}}, {"model": "main_site.ordem_passo_na_parte_receita", "pk": 33, "fields": {"passo": 67, "parte_da_receita": 10, "ordem_passo_na_parte": 1}}, {"model": "main_site.ordem_passo_na_parte_receita", "pk": 34, "fields": {"passo": 68, "parte_da_receita": 10, "ordem_passo_na_parte": 2}}, {"model": "main_site.ordem_passo_na_parte_receita", "pk": 35, "fields": {"passo": 69, "parte_da_receita": 11, "ordem_passo_na_parte": 1}}, {"model": "main_site.ordem_passo_na_parte_receita", "pk": 36, "fields": {"passo": 70, "parte_da_receita": 11, "ordem_passo_na_parte": 2}}, {"model": "main_site.ordem_passo_na_parte_receita", "pk": 37, "fields": {"passo": 71, "parte_da_receita": 12, "ordem_passo_na_parte": 1}}, {"model": "main_site.ordem_passo_na_parte_receita", "pk": 38, "fields": {"passo": 72, "parte_da_receita": 12, "ordem_passo_na_parte": 2}}, {"model": "main_site.ordem_passo_na_parte_receita", "pk": 39, "fields": {"passo": 73, "parte_da_receita": 13, "ordem_passo_na_parte": 1}}, {"model": "main_site.ordem_passo_na_parte_receita", "pk": 40, "fields": {"passo": 71, "parte_da_receita": 13, "ordem_passo_na_parte": 2}}, {"model": "main_site.ordem_passo_na_parte_receita", "pk": 41, "fields": {"passo": 72, "parte_da_receita": 13, "ordem_passo_na_parte": 3}}, {"model": "main_site.ordem_passo_na_parte_receita", "pk": 42, "fields": {"passo": 69, "parte_da_receita": 14, "ordem_passo_na_parte": 1}}, {"model": "main_site.ordem_passo_na_parte_receita", "pk": 43, "fields": {"passo": 70, "parte_da_receita": 14, "ordem_passo_na_parte": 2}}, {"model": "main_site.ordem_passo_na_parte_receita", "pk": 44, "fields": {"passo": 73, "parte_da_receita": 14, "ordem_passo_na_parte": 3}}, {"model": "main_site.ordem_passo_na_parte_receita", "pk": 45, "fields": {"passo": 69, "parte_da_receita": 15, "ordem_passo_na_parte": 1}}, {"model": "main_site.ordem_passo_na_parte_receita", "pk": 46, "fields": {"passo": 70, "parte_da_receita": 15, "ordem_passo_na_parte": 2}}, {"model": "main_site.ordem_passo_na_parte_receita", "pk": 47, "fields": {"passo": 73, "parte_da_receita": 15, "ordem_passo_na_parte": 3}}, {"model": "main_site.ordem_passo_na_parte_receita", "pk": 48, "fields": {"passo": 66, "parte_da_receita": 16, "ordem_passo_na_parte": 1}}, {"model": "main_site.ordem_passo_na_parte_receita", "pk": 49, "fields": {"passo": 67, "parte_da_receita": 16, "ordem_passo_na_parte": 2}}, {"model": "main_site.ordem_passo_na_parte_receita", "pk": 50, "fields": {"passo": 68, "parte_da_receita": 16, "ordem_passo_na_parte": 3}}, {"model": "main_site.ordem_passo_na_parte_receita", "pk": 51, "fields": {"passo": 66, "parte_da_receita": 17, "ordem_passo_na_parte": 1}}, {"model": "main_site.ordem_passo_na_parte_receita", "pk": 52, "fields": {"passo": 67, "parte_da_receita": 17, "ordem_passo_na_parte": 2}}, {"model": "main_site.ordem_passo_na_parte_receita", "pk": 53, "fields": {"passo": 74, "parte_da_receita": 18, "ordem_passo_na_parte": 1}}, {"model": "main_site.ordem_passo_na_parte_receita", "pk": 54, "fields": {"passo": 75, "parte_da_receita": 18, "ordem_passo_na_parte": 2}}, {"model": "main_site.ordem_passo_na_parte_receita", "pk": 55, "fields": {"passo": 76, "parte_da_receita": 18, "ordem_passo_na_parte": 3}}, {"model": "main_site.ordem_passo_na_parte_receita", "pk": 56, "fields": {"passo": 77, "parte_da_receita": 19, "ordem_passo_na_parte": 1}}, {"model": "main_site.ordem_passo_na_parte_receita", "pk": 57, "fields": {"passo": 78, "parte_da_receita": 19, "ordem_passo_na_parte": 2}}, {"model": "main_site.ordem_passo_na_parte_receita", "pk": 58, "fields": {"passo": 79, "parte_da_receita": 19, "ordem_passo_na_parte": 3}}, {"model": "main_site.ordem_passo_na_parte_receita", "pk": 59, "fields": {"passo": 77, "parte_da_receita": 20, "ordem_passo_na_parte": 1}}, {"model": "main_site.ordem_passo_na_parte_receita", "pk": 60, "fields": {"passo": 78, "parte_da_receita": 20, "ordem_passo_na_parte": 2}}, {"model": "main_site.ordem_passo_na_parte_receita", "pk": 61, "fields": {"passo": 76, "parte_da_receita": 21, "ordem_passo_na_parte": 1}}, {"model": "main_site.ordem_passo_na_parte_receita", "pk": 62, "fields": {"passo": 75, "parte_da_receita": 21, "ordem_passo_na_parte": 2}}, {"model": "main_site.ordem_passo_na_parte_receita", "pk": 63, "fields": {"passo": 74, "parte_da_receita": 21, "ordem_passo_na_parte": 3}}, {"model": "main_site.ordem_passo_na_parte_receita", "pk": 64, "fields": {"passo": 74, "parte_da_receita": 22, "ordem_passo_na_parte": 1}}, {"model": "main_site.ordem_passo_na_parte_receita", "pk": 65, "fields": {"passo": 75, "parte_da_receita": 22, "ordem_passo_na_parte": 2}}, {"model": "main_site.ordem_passo_na_parte_receita", "pk": 66, "fields": {"passo": 80, "parte_da_receita": 23, "ordem_passo_na_parte": 1}}, {"model": "main_site.ordem_passo_na_parte_receita", "pk": 67, "fields": {"passo": 81, "parte_da_receita": 23, "ordem_passo_na_parte": 2}}, {"model": "main_site.ordem_passo_na_parte_receita", "pk": 68, "fields": {"passo": 82, "parte_da_receita": 23, "ordem_passo_na_parte": 3}}, {"model": "main_site.foto_receita", "pk": 3, "fields": {"foto": "fotos/ebd1c96c-4585-48ba-a3ab-922637f71739.png"}}, {"model": "main_site.foto_receita", "pk": 4, "fields": {"foto": "4e71083a-e3f3-4fd6-affb-869f709287e7.png"}}, {"model": "main_site.foto_receita", "pk": 5, "fields": {"foto": "eb25bd8f-c95e-4133-a19e-c3f2370cfe4f.JPG"}}, {"model": "main_site.foto_receita", "pk": 6, "fields": {"foto": "f42659a9-9304-4d4b-a143-0ad68d12ca2b.JPG"}}, {"model": "main_site.foto_receita", "pk": 7, "fields": {"foto": "a8e6c6a6-d971-418b-b04c-c689b78d3a68.jpg"}}, {"model": "main_site.foto_receita", "pk": 8, "fields": {"foto": ""}}, {"model": "main_site.foto_receita", "pk": 9, "fields": {"foto": ""}}, {"model": "main_site.foto_receita", "pk": 10, "fields": {"foto": ""}}, {"model": "main_site.foto_receita", "pk": 11, "fields": {"foto": ""}}, {"model": "main_site.foto_receita", "pk": 12, "fields": {"foto": ""}}, {"model": "main_site.foto_receita", "pk": 13, "fields": {"foto": ""}}, {"model": "main_site.foto_receita", "pk": 14, "fields": {"foto": "7d332aeb-0444-4b4b-9b35-ec714f17d3af.png"}}, {"model": "main_site.foto_receita", "pk": 15, "fields": {"foto": "69afc056-d241-4c56-a953-bbd848b1680a.png"}}, {"model": "main_site.foto_receita", "pk": 16, "fields": {"foto": "f1dc8b43-d1a5-4798-86dc-19cd4b094e0b.png"}}, {"model": "main_site.foto_receita", "pk": 17, "fields": {"foto": "537e8090-4505-4e04-a6c4-0d4fc6de9b93.png"}}, {"model": "main_site.foto_receita", "pk": 18, "fields": {"foto": "0b3158dd-1981-4ec3-97d8-40542bac2b98.png"}}, {"model": "main_site.receita", "pk": 22, "fields": {"nome_receita": "Not your homie", "foto_da_receita": null, "url_da_imagem": null, "categoria": "Bolos e Tortas", "tempo_de_preparo": 15, "nivel_de_dificuldade": 2, "subpartes": [21]}}, {"model": "main_site.receita", "pk": 23, "fields": {"nome_receita": "Chocake", "foto_da_receita": null, "url_da_imagem": null, "categoria": "Bolos e Tortas", "tempo_de_preparo": 20, "nivel_de_dificuldade": 2, "subpartes": [22]}}, {"model": "main_site.receita", "pk": 24, "fields": {"nome_receita": "Natalino", "foto_da_receita": null, "url_da_imagem": null, "categoria": "Bolos e Tortas", "tempo_de_preparo": 30, "nivel_de_dificuldade": 2, "subpartes": [23]}}, {"model": "main_site.foto_perfil", "pk": 1, "fields": {"foto": "1f671e21-2dfb-415a-b8e8-a3f90b3a567b.jpg"}}, {"model": "main_site.foto_perfil", "pk": 2, "fields": {"foto": "fad260e3-c530-48ec-ad0a-d546e6ebd2e2.jpg"}}, {"model": "main_site.foto_perfil", "pk": 3, "fields": {"foto": "e78cee6c-508a-49c6-bc01-ad4812e23834.jpg"}}, {"model": "main_site.paciente", "pk": 1, "fields": {"perfil": 1, "peso": null, "medida_abdominal": null, "medida_cintura": null}}, {"model": "main_site.paciente", "pk": 2, "fields": {"perfil": 3, "peso": null, "medida_abdominal": null, "medida_cintura": null}}, {"model": "main_site.paciente", "pk": 3, "fields": {"perfil": 5, "peso": null, "medida_abdominal": null, "medida_cintura": null}}, {"model": "main_site.paciente", "pk": 4, "fields": {"perfil": 6, "peso": null, "medida_abdominal": null, "medida_cintura": null}}, {"model": "main_site.paciente", "pk": 5, "fields": {"perfil": 7, "peso": null, "medida_abdominal": null, "medida_cintura": null}}, {"model": "main_site.paciente", "pk": 6, "fields": {"perfil": 8, "peso": null, "medida_abdominal": null, "medida_cintura": null}}, {"model": "main_site.paciente", "pk": 7, "fields": {"perfil": 9, "peso": null, "medida_abdominal": null, "medida_cintura": null}}, {"model": "main_site.paciente", "pk": 8, "fields": {"perfil": 10, "peso": null, "medida_abdominal": null, "medida_cintura": null}}, {"model": "main_site.paciente", "pk": 10, "fields": {"perfil": 12, "peso": null, "medida_abdominal": null, "medida_cintura": null}}, {"model": "main_site.paciente", "pk": 11, "fields": {"perfil": 13, "peso": null, "medida_abdominal": null, "medida_cintura": null}}, {"model": "main_site.paciente", "pk": 12, "fields": {"perfil": 14, "peso": null, "medida_abdominal": null, "medida_cintura": null}}, {"model": "main_site.paciente", "pk": 13, "fields": {"perfil": 18, "peso": null, "medida_abdominal": null, "medida_cintura": null}}, {"model": "main_site.paciente", "pk": 14, "fields": {"perfil": 19, "peso": null, "medida_abdominal": null, "medida_cintura": null}}, {"model": "main_site.paciente", "pk": 15, "fields": {"perfil": 20, "peso": null, "medida_abdominal": null, "medida_cintura": null}}, {"model": "main_site.paciente", "pk": 16, "fields": {"perfil": 21, "peso": null, "medida_abdominal": null, "medida_cintura": null}}, {"model": "main_site.paciente", "pk": 17, "fields": {"perfil": 22, "peso": null, "medida_abdominal": null, "medida_cintura": null}}, {"model": "main_site.paciente", "pk": 18, "fields": {"perfil": 23, "peso": null, "medida_abdominal": null, "medida_cintura": null}}, {"model": "main_site.coach", "pk": 1, "fields": {"perfil": 2, "pacientes_supervisionados": [1, 2]}}, {"model": "main_site.coach", "pk": 2, "fields": {"perfil": 15, "pacientes_supervisionados": []}}, {"model": "main_site.coach", "pk": 3, "fields": {"perfil": 16, "pacientes_supervisionados": []}}, {"model": "main_site.coach", "pk": 4, "fields": {"perfil": 17, "pacientes_supervisionados": [16, 6, 8, 7]}}, {"model": "main_site.coach", "pk": 5, "fields": {"perfil": 24, "pacientes_supervisionados": [17, 18, 16, 14, 10]}}, {"model": "main_site.coach", "pk": 10, "fields": {"perfil": 29, "pacientes_supervisionados": []}}, {"model": "main_site.coach", "pk": 11, "fields": {"perfil": 30, "pacientes_supervisionados": [2, 1]}}, {"model": "main_site.coach", "pk": 12, "fields": {"perfil": 31, "pacientes_supervisionados": [1, 2, 3, 4, 5, 6]}}, {"model": "main_site.coach", "pk": 14, "fields": {"perfil": 33, "pacientes_supervisionados": [3, 5, 6, 18, 2]}}, {"model": "main_site.coach", "pk": 15, "fields": {"perfil": 34, "pacientes_supervisionados": [17, 18, 16, 8, 6]}}, {"model": "main_site.coach", "pk": 16, "fields": {"perfil": 35, "pacientes_supervisionados": []}}, {"model": "main_site.coach", "pk": 17, "fields": {"perfil": 36, "pacientes_supervisionados": []}}, {"model": "main_site.coach", "pk": 18, "fields": {"perfil": 37, "pacientes_supervisionados": []}}, {"model": "main_site.coach", "pk": 19, "fields": {"perfil": 38, "pacientes_supervisionados": [16, 17, 18]}}, {"model": "main_site.coach", "pk": 20, "fields": {"perfil": 39, "pacientes_supervisionados": []}}, {"model": "main_site.coach", "pk": 21, "fields": {"perfil": 40, "pacientes_supervisionados": []}}, {"model": "main_site.coach", "pk": 22, "fields": {"perfil": 41, "pacientes_supervisionados": [1, 2, 6]}}, {"model": "main_site.coach", "pk": 23, "fields": {"perfil": 42, "pacientes_supervisionados": []}}, {"model": "main_site.coach", "pk": 24, "fields": {"perfil": 43, "pacientes_supervisionados": []}}, {"model": "main_site.coach", "pk": 25, "fields": {"perfil": 44, "pacientes_supervisionados": []}}, {"model": "main_site.chat", "pk": 2, "fields": {"chatNameID": "c5p3", "coachUsername": "Coach", "coachParticipante": null, "pacientesParticipantes": []}}, {"model": "main_site.chat", "pk": 3, "fields": {"chatNameID": "c5p7", "coachUsername": "Coach", "coachParticipante": null, "pacientesParticipantes": []}}, {"model": "main_site.chat", "pk": 4, "fields": {"chatNameID": "c5p7", "coachUsername": "Coach", "coachParticipante": null, "pacientesParticipantes": []}}, {"model": "main_site.chat", "pk": 5, "fields": {"chatNameID": "c5p13", "coachUsername": "marcos", "coachParticipante": null, "pacientesParticipantes": []}}, {"model": "main_site.chat", "pk": 6, "fields": {"chatNameID": "c5p4", "coachUsername": "marcos", "coachParticipante": null, "pacientesParticipantes": []}}, {"model": "main_site.chat", "pk": 7, "fields": {"chatNameID": "c5p1", "coachUsername": "marcos", "coachParticipante": null, "pacientesParticipantes": []}}, {"model": "main_site.chat", "pk": 8, "fields": {"chatNameID": "c4p3", "coachUsername": "evandro", "coachParticipante": null, "pacientesParticipantes": []}}, {"model": "main_site.chat", "pk": 9, "fields": {"chatNameID": "c5p2", "coachUsername": "marcos", "coachParticipante": null, "pacientesParticipantes": []}}, {"model": "main_site.chat", "pk": 10, "fields": {"chatNameID": "c5p5", "coachUsername": "marcos", "coachParticipante": null, "pacientesParticipantes": []}}, {"model": "main_site.chat", "pk": 11, "fields": {"chatNameID": "c5p11", "coachUsername": "marcos", "coachParticipante": null, "pacientesParticipantes": []}}, {"model": "main_site.chat", "pk": 12, "fields": {"chatNameID": "c5p14", "coachUsername": "marcos", "coachParticipante": 5, "pacientesParticipantes": [14]}}, {"model": "main_site.chat", "pk": 13, "fields": {"chatNameID": "c5p15", "coachUsername": "marcos", "coachParticipante": null, "pacientesParticipantes": []}}, {"model": "main_site.chat", "pk": 14, "fields": {"chatNameID": "c5p6", "coachUsername": "marcos", "coachParticipante": null, "pacientesParticipantes": []}}, {"model": "main_site.chat", "pk": 15, "fields": {"chatNameID": "c5p8", "coachUsername": "marcos", "coachParticipante": null, "pacientesParticipantes": []}}, {"model": "main_site.chat", "pk": 16, "fields": {"chatNameID": "c5p10", "coachUsername": "marcos", "coachParticipante": null, "pacientesParticipantes": []}}, {"model": "main_site.chat", "pk": 18, "fields": {"chatNameID": "c14p4", "coachUsername": "debora", "coachParticipante": null, "pacientesParticipantes": []}}, {"model": "main_site.chat", "pk": 19, "fields": {"chatNameID": "c14p5", "coachUsername": "debora", "coachParticipante": 14, "pacientesParticipantes": [5]}}, {"model": "main_site.chat", "pk": 20, "fields": {"chatNameID": "c14p6", "coachUsername": "debora", "coachParticipante": null, "pacientesParticipantes": [6]}}, {"model": "main_site.chat", "pk": 23, "fields": {"chatNameID": "c12p1", "coachUsername": "matheus", "coachParticipante": 12, "pacientesParticipantes": [1]}}, {"model": "main_site.chat", "pk": 24, "fields": {"chatNameID": "c12p2", "coachUsername": "matheus", "coachParticipante": 12, "pacientesParticipantes": [2]}}, {"model": "main_site.chat", "pk": 25, "fields": {"chatNameID": "c12p3", "coachUsername": "matheus", "coachParticipante": 12, "pacientesParticipantes": [3]}}, {"model": "main_site.chat", "pk": 30, "fields": {"chatNameID": "CdeboraG19", "coachUsername": "debora", "coachParticipante": 14, "pacientesParticipantes": [3, 4]}}, {"model": "main_site.chat", "pk": 31, "fields": {"chatNameID": "CdeboraG20", "coachUsername": "debora", "coachParticipante": 14, "pacientesParticipantes": [3, 4, 5]}}, {"model": "main_site.chat", "pk": 32, "fields": {"chatNameID": "CdeboraG21", "coachUsername": "debora", "coachParticipante": 14, "pacientesParticipantes": [4, 5, 6]}}, {"model": "main_site.chat", "pk": 33, "fields": {"chatNameID": "c14p3", "coachUsername": "debora", "coachParticipante": 14, "pacientesParticipantes": [3]}}, {"model": "main_site.chat", "pk": 34, "fields": {"chatNameID": "c14p18", "coachUsername": "debora", "coachParticipante": 14, "pacientesParticipantes": [18]}}, {"model": "main_site.chat", "pk": 35, "fields": {"chatNameID": "CdeboraG22", "coachUsername": "debora", "coachParticipante": 14, "pacientesParticipantes": [6, 18]}}, {"model": "main_site.chat", "pk": 36, "fields": {"chatNameID": "CdeboraG23", "coachUsername": "debora", "coachParticipante": 14, "pacientesParticipantes": [2, 5, 6, 18]}}, {"model": "main_site.chat", "pk": 37, "fields": {"chatNameID": "CdeboraG24", "coachUsername": "debora", "coachParticipante": 14, "pacientesParticipantes": [2, 6, 18]}}, {"model": "main_site.chat", "pk": 38, "fields": {"chatNameID": "CshakiraG25", "coachUsername": "shakira", "coachParticipante": 19, "pacientesParticipantes": [16, 17, 18]}}, {"model": "main_site.chat", "pk": 39, "fields": {"chatNameID": "CserenaG26", "coachUsername": "serena", "coachParticipante": 22, "pacientesParticipantes": [1, 2, 6]}}, {"model": "main_site.chat", "pk": 40, "fields": {"chatNameID": "CfabiolaG27", "coachUsername": "fabiola", "coachParticipante": 23, "pacientesParticipantes": [4, 5, 6]}}, {"model": "main_site.chat", "pk": 41, "fields": {"chatNameID": "CrihannaG28", "coachUsername": "rihanna", "coachParticipante": 24, "pacientesParticipantes": [1, 2, 3, 7, 8]}}, {"model": "main_site.chat", "pk": 42, "fields": {"chatNameID": "CrogeriaG29", "coachUsername": "rogeria", "coachParticipante": 25, "pacientesParticipantes": [1, 2, 3, 4]}}, {"model": "main_site.chat", "pk": 43, "fields": {"chatNameID": "CfabiolaG30", "coachUsername": "fabiola", "coachParticipante": 23, "pacientesParticipantes": [7, 13, 14, 15, 16]}}, {"model": "main_site.grupo", "pk": 19, "fields": {"nome_grupo": "Grupo 1", "chat": 30, "coach": 14, "data_inicio": "2017-02-20", "pacientes": [3, 4]}}, {"model": "main_site.grupo", "pk": 20, "fields": {"nome_grupo": "Grupo 2", "chat": 31, "coach": 14, "data_inicio": "2017-02-20", "pacientes": [3, 4, 5]}}, {"model": "main_site.grupo", "pk": 21, "fields": {"nome_grupo": "Grupo 3", "chat": 32, "coach": 14, "data_inicio": "2017-02-20", "pacientes": [4, 5, 6]}}, {"model": "main_site.grupo", "pk": 22, "fields": {"nome_grupo": "Grupo And", "chat": 35, "coach": 14, "data_inicio": "2017-02-27", "pacientes": [6, 18]}}, {"model": "main_site.grupo", "pk": 23, "fields": {"nome_grupo": "hfsjahfsdjk", "chat": 36, "coach": 14, "data_inicio": "2017-02-27", "pacientes": [2, 5, 6, 18]}}, {"model": "main_site.grupo", "pk": 24, "fields": {"nome_grupo": "Grupo Mar\u00e7o 1", "chat": 37, "coach": 14, "data_inicio": "2017-03-08", "pacientes": [2, 6, 18]}}, {"model": "main_site.grupo", "pk": 25, "fields": {"nome_grupo": "Chantaje", "chat": 38, "coach": 19, "data_inicio": "2017-03-09", "pacientes": [6, 8, 16, 17, 18]}}, {"model": "main_site.grupo", "pk": 26, "fields": {"nome_grupo": "Go USA", "chat": 39, "coach": 22, "data_inicio": "2017-03-09", "pacientes": [1, 2, 6]}}, {"model": "main_site.grupo", "pk": 27, "fields": {"nome_grupo": "", "chat": 40, "coach": 23, "data_inicio": "2017-03-09", "pacientes": [4, 5, 6]}}, {"model": "main_site.grupo", "pk": 28, "fields": {"nome_grupo": "Diamonds 1", "chat": 41, "coach": 24, "data_inicio": "2017-03-13", "pacientes": [1, 2, 3, 7, 8]}}, {"model": "main_site.grupo", "pk": 29, "fields": {"nome_grupo": "", "chat": 42, "coach": 25, "data_inicio": "2017-03-13", "pacientes": [1, 2, 3, 4]}}, {"model": "main_site.grupo", "pk": 30, "fields": {"nome_grupo": "", "chat": 43, "coach": 23, "data_inicio": "2017-03-13", "pacientes": [7, 13, 14, 15, 16]}}, {"model": "main_site.porcao", "pk": 1, "fields": {"quantidade": null, "ingrediente": "2 peda\u00e7os pequenos de carne"}}, {"model": "main_site.porcao", "pk": 2, "fields": {"quantidade": null, "ingrediente": "2 colheres de feijao"}}, {"model": "main_site.porcao", "pk": 3, "fields": {"quantidade": null, "ingrediente": "2 peda\u00e7os pequenos de galinha"}}, {"model": "main_site.porcao", "pk": 4, "fields": {"quantidade": null, "ingrediente": "2 rodelas de tomate"}}, {"model": "main_site.porcao", "pk": 5, "fields": {"quantidade": null, "ingrediente": "3 colheres de Salada de batata"}}, {"model": "main_site.porcao", "pk": 6, "fields": {"quantidade": null, "ingrediente": "1 peda\u00e7o de bife acebolado"}}, {"model": "main_site.refeicao", "pk": 1, "fields": {"nome_refeicao": "Almo\u00e7o", "porcoes": [1, 2]}}, {"model": "main_site.refeicao", "pk": 2, "fields": {"nome_refeicao": "Almo\u00e7o", "porcoes": [3, 4]}}, {"model": "main_site.refeicao", "pk": 3, "fields": {"nome_refeicao": "Almo\u00e7o", "porcoes": [5, 6]}}, {"model": "main_site.foto_refeicao", "pk": 1, "fields": {"foto": "0ba2fa1a-530e-4e15-9594-c54d97b245f7.jpg"}}, {"model": "main_site.foto_refeicao", "pk": 2, "fields": {"foto": "1830bd1f-0898-4408-8d0f-0d5ddb94440b.jpg"}}, {"model": "main_site.log_refeicao", "pk": 1, "fields": {"refeicao": 1, "refeicao_foto": null, "data_hora": "2017-03-16T13:50:00Z", "local": "Casa", "satisfacao": "Saciada", "diario_alimentar": 1}}, {"model": "main_site.log_refeicao", "pk": 2, "fields": {"refeicao": 2, "refeicao_foto": null, "data_hora": "2017-03-17T14:45:09.113Z", "local": "Restaurante", "satisfacao": "Saciada", "diario_alimentar": 1}}, {"model": "main_site.log_refeicao", "pk": 3, "fields": {"refeicao": 3, "refeicao_foto": null, "data_hora": "2017-03-17T18:24:40.738Z", "local": "Casa", "satisfacao": "Saciada", "diario_alimentar": 2}}, {"model": "main_site.log_refeicao", "pk": 4, "fields": {"refeicao": null, "refeicao_foto": 1, "data_hora": "2017-03-22T14:38:44.208Z", "local": "Restaurante", "satisfacao": "Saciada", "diario_alimentar": 1}}, {"model": "main_site.diario_alimentar", "pk": 1, "fields": {"participante": 18}}, {"model": "main_site.diario_alimentar", "pk": 2, "fields": {"participante": 17}}, {"model": "main_site.log_item", "pk": 1, "fields": {"person": 1}}, {"model": "main_site.log_item", "pk": 2, "fields": {"person": 1}}, {"model": "main_site.log_item", "pk": 3, "fields": {"person": 1}}, {"model": "main_site.log_item", "pk": 4, "fields": {"person": 1}}, {"model": "main_site.log_meal", "pk": 1, "fields": {"refeicao_nome": "Jantar", "data_hora": "2017-03-25T20:08:51.512Z"}}, {"model": "main_site.log_meal", "pk": 3, "fields": {"refeicao_nome": "Lanche", "data_hora": "2017-03-25T20:27:28.579Z"}}, {"model": "main_site.log_meal", "pk": 4, "fields": {"refeicao_nome": "Cafe da manha", "data_hora": "2017-03-25T20:28:22.991Z"}}, {"model": "main_site.log_weight", "pk": 2, "fields": {"peso": 72, "data_hora": "2017-03-25T20:11:25.718Z"}}, {"model": "main_site.person", "pk": 1, "fields": {"nome": "augusta"}}, {"model": "auth.permission", "pk": 1, "fields": {"name": "Can add log entry", "content_type": 1, "codename": "add_logentry"}}, {"model": "auth.permission", "pk": 2, "fields": {"name": "Can change log entry", "content_type": 1, "codename": "change_logentry"}}, {"model": "auth.permission", "pk": 3, "fields": {"name": "Can delete log entry", "content_type": 1, "codename": "delete_logentry"}}, {"model": "auth.permission", "pk": 4, "fields": {"name": "Can add group", "content_type": 2, "codename": "add_group"}}, {"model": "auth.permission", "pk": 5, "fields": {"name": "Can change group", "content_type": 2, "codename": "change_group"}}, {"model": "auth.permission", "pk": 6, "fields": {"name": "Can delete group", "content_type": 2, "codename": "delete_group"}}, {"model": "auth.permission", "pk": 7, "fields": {"name": "Can add permission", "content_type": 3, "codename": "add_permission"}}, {"model": "auth.permission", "pk": 8, "fields": {"name": "Can change permission", "content_type": 3, "codename": "change_permission"}}, {"model": "auth.permission", "pk": 9, "fields": {"name": "Can delete permission", "content_type": 3, "codename": "delete_permission"}}, {"model": "auth.permission", "pk": 10, "fields": {"name": "Can add user", "content_type": 4, "codename": "add_user"}}, {"model": "auth.permission", "pk": 11, "fields": {"name": "Can change user", "content_type": 4, "codename": "change_user"}}, {"model": "auth.permission", "pk": 12, "fields": {"name": "Can delete user", "content_type": 4, "codename": "delete_user"}}, {"model": "auth.permission", "pk": 13, "fields": {"name": "Can add content type", "content_type": 5, "codename": "add_contenttype"}}, {"model": "auth.permission", "pk": 14, "fields": {"name": "Can change content type", "content_type": 5, "codename": "change_contenttype"}}, {"model": "auth.permission", "pk": 15, "fields": {"name": "Can delete content type", "content_type": 5, "codename": "delete_contenttype"}}, {"model": "auth.permission", "pk": 16, "fields": {"name": "Can add session", "content_type": 6, "codename": "add_session"}}, {"model": "auth.permission", "pk": 17, "fields": {"name": "Can change session", "content_type": 6, "codename": "change_session"}}, {"model": "auth.permission", "pk": 18, "fields": {"name": "Can delete session", "content_type": 6, "codename": "delete_session"}}, {"model": "auth.permission", "pk": 19, "fields": {"name": "Can add ingrediente", "content_type": 7, "codename": "add_ingrediente"}}, {"model": "auth.permission", "pk": 20, "fields": {"name": "Can change ingrediente", "content_type": 7, "codename": "change_ingrediente"}}, {"model": "auth.permission", "pk": 21, "fields": {"name": "Can delete ingrediente", "content_type": 7, "codename": "delete_ingrediente"}}, {"model": "auth.permission", "pk": 22, "fields": {"name": "Can add receita", "content_type": 8, "codename": "add_receita"}}, {"model": "auth.permission", "pk": 23, "fields": {"name": "Can change receita", "content_type": 8, "codename": "change_receita"}}, {"model": "auth.permission", "pk": 24, "fields": {"name": "Can delete receita", "content_type": 8, "codename": "delete_receita"}}, {"model": "auth.permission", "pk": 25, "fields": {"name": "Can add passo_da_ receita", "content_type": 9, "codename": "add_passo_da_receita"}}, {"model": "auth.permission", "pk": 26, "fields": {"name": "Can change passo_da_ receita", "content_type": 9, "codename": "change_passo_da_receita"}}, {"model": "auth.permission", "pk": 27, "fields": {"name": "Can delete passo_da_ receita", "content_type": 9, "codename": "delete_passo_da_receita"}}, {"model": "auth.permission", "pk": 28, "fields": {"name": "Can add parte_da_ receita", "content_type": 10, "codename": "add_parte_da_receita"}}, {"model": "auth.permission", "pk": 29, "fields": {"name": "Can change parte_da_ receita", "content_type": 10, "codename": "change_parte_da_receita"}}, {"model": "auth.permission", "pk": 30, "fields": {"name": "Can delete parte_da_ receita", "content_type": 10, "codename": "delete_parte_da_receita"}}, {"model": "auth.permission", "pk": 31, "fields": {"name": "Can add foto_ receita", "content_type": 11, "codename": "add_foto_receita"}}, {"model": "auth.permission", "pk": 32, "fields": {"name": "Can change foto_ receita", "content_type": 11, "codename": "change_foto_receita"}}, {"model": "auth.permission", "pk": 33, "fields": {"name": "Can delete foto_ receita", "content_type": 11, "codename": "delete_foto_receita"}}, {"model": "auth.permission", "pk": 34, "fields": {"name": "Can add perfil", "content_type": 12, "codename": "add_perfil"}}, {"model": "auth.permission", "pk": 35, "fields": {"name": "Can change perfil", "content_type": 12, "codename": "change_perfil"}}, {"model": "auth.permission", "pk": 36, "fields": {"name": "Can delete perfil", "content_type": 12, "codename": "delete_perfil"}}, {"model": "auth.permission", "pk": 37, "fields": {"name": "Can add paciente", "content_type": 13, "codename": "add_paciente"}}, {"model": "auth.permission", "pk": 38, "fields": {"name": "Can change paciente", "content_type": 13, "codename": "change_paciente"}}, {"model": "auth.permission", "pk": 39, "fields": {"name": "Can delete paciente", "content_type": 13, "codename": "delete_paciente"}}, {"model": "auth.permission", "pk": 40, "fields": {"name": "Can add coach", "content_type": 14, "codename": "add_coach"}}, {"model": "auth.permission", "pk": 41, "fields": {"name": "Can change coach", "content_type": 14, "codename": "change_coach"}}, {"model": "auth.permission", "pk": 42, "fields": {"name": "Can delete coach", "content_type": 14, "codename": "delete_coach"}}, {"model": "auth.permission", "pk": 43, "fields": {"name": "Can add Token", "content_type": 15, "codename": "add_token"}}, {"model": "auth.permission", "pk": 44, "fields": {"name": "Can change Token", "content_type": 15, "codename": "change_token"}}, {"model": "auth.permission", "pk": 45, "fields": {"name": "Can delete Token", "content_type": 15, "codename": "delete_token"}}, {"model": "auth.permission", "pk": 46, "fields": {"name": "Can add ordem_ passo_na_ parte_ receita", "content_type": 16, "codename": "add_ordem_passo_na_parte_receita"}}, {"model": "auth.permission", "pk": 47, "fields": {"name": "Can change ordem_ passo_na_ parte_ receita", "content_type": 16, "codename": "change_ordem_passo_na_parte_receita"}}, {"model": "auth.permission", "pk": 48, "fields": {"name": "Can delete ordem_ passo_na_ parte_ receita", "content_type": 16, "codename": "delete_ordem_passo_na_parte_receita"}}, {"model": "auth.permission", "pk": 49, "fields": {"name": "Can add chat", "content_type": 17, "codename": "add_chat"}}, {"model": "auth.permission", "pk": 50, "fields": {"name": "Can change chat", "content_type": 17, "codename": "change_chat"}}, {"model": "auth.permission", "pk": 51, "fields": {"name": "Can delete chat", "content_type": 17, "codename": "delete_chat"}}, {"model": "auth.permission", "pk": 52, "fields": {"name": "Can add grupo", "content_type": 18, "codename": "add_grupo"}}, {"model": "auth.permission", "pk": 53, "fields": {"name": "Can change grupo", "content_type": 18, "codename": "change_grupo"}}, {"model": "auth.permission", "pk": 54, "fields": {"name": "Can delete grupo", "content_type": 18, "codename": "delete_grupo"}}, {"model": "auth.permission", "pk": 55, "fields": {"name": "Can add foto_ perfil", "content_type": 19, "codename": "add_foto_perfil"}}, {"model": "auth.permission", "pk": 56, "fields": {"name": "Can change foto_ perfil", "content_type": 19, "codename": "change_foto_perfil"}}, {"model": "auth.permission", "pk": 57, "fields": {"name": "Can delete foto_ perfil", "content_type": 19, "codename": "delete_foto_perfil"}}, {"model": "auth.permission", "pk": 58, "fields": {"name": "Can add historical log_ peso", "content_type": 20, "codename": "add_historicallog_peso"}}, {"model": "auth.permission", "pk": 59, "fields": {"name": "Can change historical log_ peso", "content_type": 20, "codename": "change_historicallog_peso"}}, {"model": "auth.permission", "pk": 60, "fields": {"name": "Can delete historical log_ peso", "content_type": 20, "codename": "delete_historicallog_peso"}}, {"model": "auth.permission", "pk": 61, "fields": {"name": "Can add log_ peso", "content_type": 21, "codename": "add_log_peso"}}, {"model": "auth.permission", "pk": 62, "fields": {"name": "Can change log_ peso", "content_type": 21, "codename": "change_log_peso"}}, {"model": "auth.permission", "pk": 63, "fields": {"name": "Can delete log_ peso", "content_type": 21, "codename": "delete_log_peso"}}, {"model": "auth.permission", "pk": 76, "fields": {"name": "Can add log_ refeicao", "content_type": 26, "codename": "add_log_refeicao"}}, {"model": "auth.permission", "pk": 77, "fields": {"name": "Can change log_ refeicao", "content_type": 26, "codename": "change_log_refeicao"}}, {"model": "auth.permission", "pk": 78, "fields": {"name": "Can delete log_ refeicao", "content_type": 26, "codename": "delete_log_refeicao"}}, {"model": "auth.permission", "pk": 79, "fields": {"name": "Can add porcao", "content_type": 27, "codename": "add_porcao"}}, {"model": "auth.permission", "pk": 80, "fields": {"name": "Can change porcao", "content_type": 27, "codename": "change_porcao"}}, {"model": "auth.permission", "pk": 81, "fields": {"name": "Can delete porcao", "content_type": 27, "codename": "delete_porcao"}}, {"model": "auth.permission", "pk": 82, "fields": {"name": "Can add refeicao", "content_type": 28, "codename": "add_refeicao"}}, {"model": "auth.permission", "pk": 83, "fields": {"name": "Can change refeicao", "content_type": 28, "codename": "change_refeicao"}}, {"model": "auth.permission", "pk": 84, "fields": {"name": "Can delete refeicao", "content_type": 28, "codename": "delete_refeicao"}}, {"model": "auth.permission", "pk": 85, "fields": {"name": "Can add diario_ alimentar", "content_type": 29, "codename": "add_diario_alimentar"}}, {"model": "auth.permission", "pk": 86, "fields": {"name": "Can change diario_ alimentar", "content_type": 29, "codename": "change_diario_alimentar"}}, {"model": "auth.permission", "pk": 87, "fields": {"name": "Can delete diario_ alimentar", "content_type": 29, "codename": "delete_diario_alimentar"}}, {"model": "auth.permission", "pk": 88, "fields": {"name": "Can add foto_ refeicao", "content_type": 30, "codename": "add_foto_refeicao"}}, {"model": "auth.permission", "pk": 89, "fields": {"name": "Can change foto_ refeicao", "content_type": 30, "codename": "change_foto_refeicao"}}, {"model": "auth.permission", "pk": 90, "fields": {"name": "Can delete foto_ refeicao", "content_type": 30, "codename": "delete_foto_refeicao"}}, {"model": "auth.permission", "pk": 91, "fields": {"name": "Can add historical log_ item", "content_type": 31, "codename": "add_historicallog_item"}}, {"model": "auth.permission", "pk": 92, "fields": {"name": "Can change historical log_ item", "content_type": 31, "codename": "change_historicallog_item"}}, {"model": "auth.permission", "pk": 93, "fields": {"name": "Can delete historical log_ item", "content_type": 31, "codename": "delete_historicallog_item"}}, {"model": "auth.permission", "pk": 94, "fields": {"name": "Can add historical log_ meal", "content_type": 32, "codename": "add_historicallog_meal"}}, {"model": "auth.permission", "pk": 95, "fields": {"name": "Can change historical log_ meal", "content_type": 32, "codename": "change_historicallog_meal"}}, {"model": "auth.permission", "pk": 96, "fields": {"name": "Can delete historical log_ meal", "content_type": 32, "codename": "delete_historicallog_meal"}}, {"model": "auth.permission", "pk": 97, "fields": {"name": "Can add log_ item", "content_type": 33, "codename": "add_log_item"}}, {"model": "auth.permission", "pk": 98, "fields": {"name": "Can change log_ item", "content_type": 33, "codename": "change_log_item"}}, {"model": "auth.permission", "pk": 99, "fields": {"name": "Can delete log_ item", "content_type": 33, "codename": "delete_log_item"}}, {"model": "auth.permission", "pk": 100, "fields": {"name": "Can add person", "content_type": 34, "codename": "add_person"}}, {"model": "auth.permission", "pk": 101, "fields": {"name": "Can change person", "content_type": 34, "codename": "change_person"}}, {"model": "auth.permission", "pk": 102, "fields": {"name": "Can delete person", "content_type": 34, "codename": "delete_person"}}, {"model": "auth.permission", "pk": 103, "fields": {"name": "Can add historical log_ weight", "content_type": 35, "codename": "add_historicallog_weight"}}, {"model": "auth.permission", "pk": 104, "fields": {"name": "Can change historical log_ weight", "content_type": 35, "codename": "change_historicallog_weight"}}, {"model": "auth.permission", "pk": 105, "fields": {"name": "Can delete historical log_ weight", "content_type": 35, "codename": "delete_historicallog_weight"}}, {"model": "auth.permission", "pk": 106, "fields": {"name": "Can add log_ weight", "content_type": 36, "codename": "add_log_weight"}}, {"model": "auth.permission", "pk": 107, "fields": {"name": "Can change log_ weight", "content_type": 36, "codename": "change_log_weight"}}, {"model": "auth.permission", "pk": 108, "fields": {"name": "Can delete log_ weight", "content_type": 36, "codename": "delete_log_weight"}}, {"model": "auth.permission", "pk": 109, "fields": {"name": "Can add log_ meal", "content_type": 37, "codename": "add_log_meal"}}, {"model": "auth.permission", "pk": 110, "fields": {"name": "Can change log_ meal", "content_type": 37, "codename": "change_log_meal"}}, {"model": "auth.permission", "pk": 111, "fields": {"name": "Can delete log_ meal", "content_type": 37, "codename": "delete_log_meal"}}, {"model": "auth.user", "pk": 1, "fields": {"password": "pbkdf2_sha256$30000$sCj6k7sTxPFr$M36z37kGjJ3FEWJkqJBI2nVLiJ3bb4nbsU1ATL6CG/s=", "last_login": "2017-03-17T14:38:52.904Z", "is_superuser": true, "username": "carlosrafael", "first_name": "", "last_name": "", "email": "carlosrafael093@gmail.com", "is_staff": true, "is_active": true, "date_joined": "2016-11-28T20:05:59.882Z", "groups": [], "user_permissions": []}}, {"model": "auth.user", "pk": 2, "fields": {"password": "pbkdf2_sha256$30000$6ES16YnSnV6f$sVA7EEEqIDRpsUXtJPCEF8n3LwtW8cjy88hiiiKOg/A=", "last_login": null, "is_superuser": false, "username": "rani", "first_name": "Ranieri", "last_name": "Leite", "email": "rani@hotmail.com", "is_staff": false, "is_active": true, "date_joined": "2017-01-11T16:18:33.886Z", "groups": [], "user_permissions": []}}, {"model": "auth.user", "pk": 3, "fields": {"password": "pbkdf2_sha256$30000$EBpCaHczsNyd$BQG+lKFsVepP9GuIfw8rv3Vc0QJx7A6GxHjjH4wMBwk=", "last_login": null, "is_superuser": false, "username": "felipe", "first_name": "Felipe", "last_name": "Araujo", "email": "felipe@hotmail.com", "is_staff": false, "is_active": true, "date_joined": "2017-01-11T14:54:52.401Z", "groups": [], "user_permissions": []}}, {"model": "auth.user", "pk": 4, "fields": {"password": "pbkdf2_sha256$30000$BnHvwDSwv791$Aax605lGRyPBvQanXnPCvQ9HfcIdJDOhM5KUyT/vBlc=", "last_login": null, "is_superuser": false, "username": "fernanda", "first_name": "Fernanda", "last_name": "Caraciolo", "email": "fernanda@hotmail.com", "is_staff": false, "is_active": true, "date_joined": "2017-01-11T15:11:49.836Z", "groups": [], "user_permissions": []}}, {"model": "auth.user", "pk": 5, "fields": {"password": "pbkdf2_sha256$30000$Me3ZXjpJCbiG$hts7LjLxmwr7257Ga/p7ocZiS7PVjsg1LhQj9i5MFeY=", "last_login": null, "is_superuser": false, "username": "pedro", "first_name": "Pedro", "last_name": "Bacelar", "email": "pedro@hotmail.com", "is_staff": false, "is_active": true, "date_joined": "2017-01-11T15:26:38.698Z", "groups": [], "user_permissions": []}}, {"model": "auth.user", "pk": 6, "fields": {"password": "eleveword", "last_login": null, "is_superuser": false, "username": "eleve", "first_name": "", "last_name": "", "email": "eleve@hotmail.com", "is_staff": false, "is_active": false, "date_joined": "2017-01-13T20:44:26.356Z", "groups": [], "user_permissions": []}}, {"model": "auth.user", "pk": 7, "fields": {"password": "!WjjHcSY2gt5AngKIqzsrnAWsAl1iPWdIchMIUoUC", "last_login": null, "is_superuser": false, "username": "{'user_permissions': [], 'groups': [], 'password': 'irinaword', 'username': 'irina', 'email': 'irina@hotmail.com', 'is_active': False, 'is_superuser': False, 'is_staff': False}", "first_name": "", "last_name": "", "email": "", "is_staff": false, "is_active": true, "date_joined": "2017-01-14T01:15:12.497Z", "groups": [], "user_permissions": []}}, {"model": "auth.user", "pk": 8, "fields": {"password": "!LPPyxdFeB12aFRAIpgIohjlzihRyhVDiXuJKMDdH", "last_login": null, "is_superuser": false, "username": "{'email': 'marina@hotmail.com', 'password': 'marinaword', 'username': 'marina'}", "first_name": "", "last_name": "", "email": "", "is_staff": false, "is_active": true, "date_joined": "2017-01-14T01:30:24.505Z", "groups": [], "user_permissions": []}}, {"model": "auth.user", "pk": 9, "fields": {"password": "pbkdf2_sha256$30000$OahmRuKXYOZX$9pkOcHaVRkzxzJZIeIERKs7SwlHfijE5hfYuHUqRsO0=", "last_login": null, "is_superuser": false, "username": "irina", "first_name": "", "last_name": "", "email": "irina@hotmail.com", "is_staff": false, "is_active": true, "date_joined": "2017-01-14T01:35:35.548Z", "groups": [], "user_permissions": []}}, {"model": "auth.user", "pk": 10, "fields": {"password": "pbkdf2_sha256$30000$7H8CeI56vDKC$1tLbP+CD+O2xdNgQVBTgEWbztyqWyCGkK82O+TElv3k=", "last_login": null, "is_superuser": false, "username": "maria", "first_name": "", "last_name": "", "email": "maria@hotmail.com", "is_staff": false, "is_active": true, "date_joined": "2017-01-14T01:38:47.878Z", "groups": [], "user_permissions": []}}, {"model": "auth.user", "pk": 11, "fields": {"password": "pbkdf2_sha256$30000$9lRMAD9jtbx2$9x1rkr4zT6r9oVIbNDZ7iUX6MxQ6SKY1OCbmlyxmZ1k=", "last_login": null, "is_superuser": false, "username": "edsheeran", "first_name": "", "last_name": "", "email": "edsheeran@hotmail.com", "is_staff": false, "is_active": true, "date_joined": "2017-01-15T16:05:00.174Z", "groups": [], "user_permissions": []}}, {"model": "auth.user", "pk": 12, "fields": {"password": "pbkdf2_sha256$30000$n05UhUXd88hu$/WoGu2dZd84QZ6z5l51SeQu3Az0BbmSDkLAnGrp1aB8=", "last_login": null, "is_superuser": false, "username": "keys", "first_name": "", "last_name": "", "email": "keys@hotmail.com", "is_staff": false, "is_active": true, "date_joined": "2017-01-15T16:47:27.224Z", "groups": [], "user_permissions": []}}, {"model": "auth.user", "pk": 13, "fields": {"password": "pbkdf2_sha256$30000$V0aj61ujPLiK$E33O6i2dbJ6gc7VsPfB20/ft1ej8jiTuqo3DUvcHiro=", "last_login": null, "is_superuser": false, "username": "leno", "first_name": "", "last_name": "", "email": "leno@hotmail.com", "is_staff": false, "is_active": true, "date_joined": "2017-01-15T16:51:12.434Z", "groups": [], "user_permissions": []}}, {"model": "auth.user", "pk": 14, "fields": {"password": "pbkdf2_sha256$30000$wv2L0YThWuPQ$sQB7eJYFco0XkK/ngw4OoSOheMsxqXytJAhAm2reEk4=", "last_login": null, "is_superuser": false, "username": "lena", "first_name": "", "last_name": "", "email": "lena@hotmail.com", "is_staff": false, "is_active": true, "date_joined": "2017-01-15T16:54:51.211Z", "groups": [], "user_permissions": []}}, {"model": "auth.user", "pk": 15, "fields": {"password": "pbkdf2_sha256$30000$EzVF349wR1iu$ORo0EDPk0RlxyK8jas2cnqJUlsmJ0uRI0S6HNI3mTEo=", "last_login": null, "is_superuser": false, "username": "ruthe", "first_name": "", "last_name": "", "email": "ruthe@hotmail.com", "is_staff": false, "is_active": true, "date_joined": "2017-01-15T17:07:37.425Z", "groups": [], "user_permissions": []}}, {"model": "auth.user", "pk": 16, "fields": {"password": "pbkdf2_sha256$30000$MVt4a2x2NdUl$QtuAaFEUkS6nG/X7L89G7C5jBntT0eGZaDtzRwzxAbI=", "last_login": null, "is_superuser": false, "username": "eduardo", "first_name": "", "last_name": "", "email": "eduardo@hotmail.com", "is_staff": false, "is_active": true, "date_joined": "2017-01-15T17:15:20.942Z", "groups": [], "user_permissions": []}}, {"model": "auth.user", "pk": 17, "fields": {"password": "pbkdf2_sha256$30000$TgldCXiO8pn9$IAj9S3dqctrsoebAclgreOr3F4vcToKxNv2xsX/R14I=", "last_login": null, "is_superuser": false, "username": "joaquina", "first_name": "", "last_name": "", "email": "joaquina@hotmail.com", "is_staff": false, "is_active": true, "date_joined": "2017-01-16T02:54:00.845Z", "groups": [], "user_permissions": []}}, {"model": "auth.user", "pk": 18, "fields": {"password": "pbkdf2_sha256$30000$0sxUVq4HEVYS$wayVAtnpFJiKyC4xIrj5jDdFzy8l3la7toeWMks9obY=", "last_login": null, "is_superuser": false, "username": "fernandina", "first_name": "", "last_name": "", "email": "fernandina@hotmail.com", "is_staff": false, "is_active": true, "date_joined": "2017-01-16T02:55:22.294Z", "groups": [], "user_permissions": []}}, {"model": "auth.user", "pk": 19, "fields": {"password": "pbkdf2_sha256$30000$lQeVzQrZMfsn$9qYgCCHq9ZMI2mETPRrA2WuoS9B0YFPyzGzNOqdG5kQ=", "last_login": null, "is_superuser": false, "username": "jose", "first_name": "", "last_name": "", "email": "jose@hotmail.com", "is_staff": false, "is_active": true, "date_joined": "2017-01-16T03:37:44.606Z", "groups": [], "user_permissions": []}}, {"model": "auth.user", "pk": 20, "fields": {"password": "pbkdf2_sha256$30000$pRenrgIMso0V$+rhRktDXy2dTz2wKzP2FksjE3NViulUPde+C1Q2rC/U=", "last_login": null, "is_superuser": false, "username": "carmem", "first_name": "", "last_name": "", "email": "carmem@hotmail.com", "is_staff": false, "is_active": true, "date_joined": "2017-01-16T03:40:07.389Z", "groups": [], "user_permissions": []}}, {"model": "auth.user", "pk": 21, "fields": {"password": "pbkdf2_sha256$30000$KCNF0x7euxnd$58f1v35dPTKUDRr7WE8wO8ioWdbJFf38dqqn/ulwxuo=", "last_login": null, "is_superuser": false, "username": "viviane", "first_name": "", "last_name": "", "email": "viviane@hotmail.com", "is_staff": false, "is_active": true, "date_joined": "2017-01-16T03:41:48.368Z", "groups": [], "user_permissions": []}}, {"model": "auth.user", "pk": 22, "fields": {"password": "pbkdf2_sha256$30000$V18od8WN6IsP$zN4rs3sLTbrtcNmr+cH5JX/xDPcR0zDzU1UHGTCEuO8=", "last_login": null, "is_superuser": false, "username": "jessica", "first_name": "", "last_name": "", "email": "jessica@hotmail.com", "is_staff": false, "is_active": true, "date_joined": "2017-01-16T03:46:21.157Z", "groups": [], "user_permissions": []}}, {"model": "auth.user", "pk": 23, "fields": {"password": "pbkdf2_sha256$30000$P1ojyt11I3Gj$R2hSugltNdaCEdiYTDlRIlY35PeLJfl2vE0LZQnh1mA=", "last_login": null, "is_superuser": false, "username": "tony", "first_name": "", "last_name": "", "email": "tony@hotmail.com", "is_staff": false, "is_active": true, "date_joined": "2017-01-16T12:46:03.430Z", "groups": [], "user_permissions": []}}, {"model": "auth.user", "pk": 24, "fields": {"password": "pbkdf2_sha256$30000$7wo63eMvIlB7$Z32Eqo5s9SZCScpY1wEGSk+f8K5yAqw/4G7a4N+KD8w=", "last_login": null, "is_superuser": false, "username": "jones", "first_name": "", "last_name": "", "email": "jones@hotmail.com", "is_staff": false, "is_active": true, "date_joined": "2017-01-16T13:28:39.922Z", "groups": [], "user_permissions": []}}, {"model": "auth.user", "pk": 25, "fields": {"password": "pbkdf2_sha256$30000$6d6H4gQCZAFi$fJauuZZL4U4DGn7BZaqhui9pwyhegr2W9cBMnZuVovk=", "last_login": null, "is_superuser": false, "username": "marco", "first_name": "", "last_name": "", "email": "marco@hotmail.com", "is_staff": false, "is_active": true, "date_joined": "2017-01-16T13:43:37.968Z", "groups": [], "user_permissions": []}}, {"model": "auth.user", "pk": 26, "fields": {"password": "pbkdf2_sha256$30000$yxHFD78zVfeP$MY+/ufdkaPPY3gdPfdfN5H+t6G3hQlv5RHrKDB9l8eo=", "last_login": null, "is_superuser": false, "username": "walter", "first_name": "", "last_name": "", "email": "walter@hotmail.com", "is_staff": false, "is_active": true, "date_joined": "2017-01-16T13:49:14.428Z", "groups": [], "user_permissions": []}}, {"model": "auth.user", "pk": 27, "fields": {"password": "pbkdf2_sha256$30000$uB3D6sdF8bSz$hRQrzby6r/+81N62qZXWrl3/kGZfH3gKs5hgCnv/VGA=", "last_login": null, "is_superuser": false, "username": "edilene", "first_name": "", "last_name": "", "email": "edilene@hotmail.com", "is_staff": false, "is_active": true, "date_joined": "2017-01-16T14:25:37.393Z", "groups": [], "user_permissions": []}}, {"model": "auth.user", "pk": 28, "fields": {"password": "pbkdf2_sha256$30000$W0ppNW5N9QEL$kRf593ZwmiXKDuO7rB7BrJGmkbqkhuzRwTwZWSKHFus=", "last_login": null, "is_superuser": false, "username": "cristina", "first_name": "", "last_name": "", "email": "cristina@hotmail.com", "is_staff": false, "is_active": true, "date_joined": "2017-01-16T15:05:50.596Z", "groups": [], "user_permissions": []}}, {"model": "auth.user", "pk": 29, "fields": {"password": "pbkdf2_sha256$30000$SXFgW5oLKoP5$V2NWTeNKFYZjRajwYOAkbbi586w/kJLzCw/qufCNc78=", "last_login": null, "is_superuser": false, "username": "wanessa", "first_name": "", "last_name": "", "email": "wanessa@hotmail.com", "is_staff": false, "is_active": true, "date_joined": "2017-01-16T15:16:53.144Z", "groups": [], "user_permissions": []}}, {"model": "auth.user", "pk": 30, "fields": {"password": "pbkdf2_sha256$30000$xwDruZbQhjMc$wLldlPRItwKX5dInceLLz5W4l03kEsN9SqqT15pQMNo=", "last_login": null, "is_superuser": false, "username": "wilton", "first_name": "", "last_name": "", "email": "wilton@hotmail.com", "is_staff": false, "is_active": true, "date_joined": "2017-01-16T15:20:10.589Z", "groups": [], "user_permissions": []}}, {"model": "auth.user", "pk": 31, "fields": {"password": "pbkdf2_sha256$30000$jEvYl2w5R1c6$D+Nj+fZ5eCAMFg7nzsQTo1Mj+CAv8R4HRcquNxvSOwI=", "last_login": null, "is_superuser": false, "username": "hugo", "first_name": "", "last_name": "", "email": "hugo@hotmail.com", "is_staff": false, "is_active": true, "date_joined": "2017-01-16T21:31:34.010Z", "groups": [], "user_permissions": []}}, {"model": "auth.user", "pk": 32, "fields": {"password": "pbkdf2_sha256$30000$7WSUccbbLbQ9$Hf52dN3P6hhcIZs3UTYEJgry3WbcU+lIO0jYD05my/E=", "last_login": null, "is_superuser": false, "username": "evelin", "first_name": "", "last_name": "", "email": "evelin@hotmail.com", "is_staff": false, "is_active": true, "date_joined": "2017-01-20T13:51:59.781Z", "groups": [], "user_permissions": []}}, {"model": "auth.user", "pk": 33, "fields": {"password": "pbkdf2_sha256$30000$kDv4wLZZyD2Z$lRuXQnm8BIVE4WYaHI+yVo8NuTrNoPP4JYot1rHgids=", "last_login": null, "is_superuser": false, "username": "alma", "first_name": "", "last_name": "", "email": "alma@hotmail.com", "is_staff": false, "is_active": true, "date_joined": "2017-01-21T01:32:34.834Z", "groups": [], "user_permissions": []}}, {"model": "auth.user", "pk": 35, "fields": {"password": "pbkdf2_sha256$30000$UvYSGLcL83gB$tyg+d5g+EjHTeC72uYS/onkY4qnXvF0xxboc/L3YFyY=", "last_login": null, "is_superuser": false, "username": "Hero", "first_name": "", "last_name": "", "email": "hero@hotmail.com", "is_staff": false, "is_active": true, "date_joined": "2017-01-22T11:06:34.364Z", "groups": [], "user_permissions": []}}, {"model": "auth.user", "pk": 36, "fields": {"password": "pbkdf2_sha256$30000$NRmhk56O4hnt$d47lEAhxJJJ52rhJw9Baz9ounPFQobw5N4ZG2mWyL4Q=", "last_login": null, "is_superuser": false, "username": "ftampa", "first_name": "Fernando", "last_name": "Tampestre", "email": "ftampa@hotmail.com", "is_staff": false, "is_active": true, "date_joined": "2017-01-22T11:15:14.168Z", "groups": [], "user_permissions": []}}, {"model": "auth.user", "pk": 37, "fields": {"password": "pbkdf2_sha256$30000$7rxfSW6ysRfK$UitpoXwz/1HHbO/U8WbNx659c7s2mCmikgo/AtzuxV8=", "last_login": null, "is_superuser": false, "username": "ftampinha", "first_name": "Fernando", "last_name": "Tape", "email": "ftampinha@hotmail.com", "is_staff": false, "is_active": true, "date_joined": "2017-01-22T11:26:37.111Z", "groups": [], "user_permissions": []}}, {"model": "auth.user", "pk": 39, "fields": {"password": "pbkdf2_sha256$30000$G4JdojxuGly3$+hZFr4f/NMAoSKgBURkO9qnMRFpYOPpZ0DjDJtOyqWw=", "last_login": null, "is_superuser": false, "username": "jorge", "first_name": "Jorge", "last_name": "Fernando", "email": "jorge@hotmail.com", "is_staff": false, "is_active": true, "date_joined": "2017-01-22T12:08:02.818Z", "groups": [], "user_permissions": []}}, {"model": "auth.user", "pk": 40, "fields": {"password": "pbkdf2_sha256$30000$HM3UddZJtk6I$pviYmLSQYIanTy25Jmc+RHHjkDHE37ntMAQj+OoKWHc=", "last_login": null, "is_superuser": false, "username": "luciano", "first_name": "Luciano", "last_name": "Meira", "email": "luciano@hotmail.com", "is_staff": false, "is_active": true, "date_joined": "2017-01-22T12:12:13.259Z", "groups": [], "user_permissions": []}}, {"model": "auth.user", "pk": 41, "fields": {"password": "pbkdf2_sha256$30000$H5sQVuyszDw5$sDnkyeYDyKVdF9jPiFxIpA/2e+rjBzrRAgkAhyhZR4s=", "last_login": null, "is_superuser": false, "username": "junin", "first_name": "", "last_name": "", "email": "junin@hotmail.com", "is_staff": false, "is_active": true, "date_joined": "2017-01-22T12:13:32.137Z", "groups": [], "user_permissions": []}}, {"model": "auth.user", "pk": 42, "fields": {"password": "pbkdf2_sha256$30000$TQAhMBV6sHL7$GuE1k4aOdSQP0D4q0vMfuVtqostYAj7CPWLWO5//GVA=", "last_login": null, "is_superuser": false, "username": "priscila", "first_name": "", "last_name": "", "email": "priscila@hotmail.com", "is_staff": false, "is_active": true, "date_joined": "2017-01-22T12:17:45.256Z", "groups": [], "user_permissions": []}}, {"model": "auth.user", "pk": 45, "fields": {"password": "pbkdf2_sha256$30000$mJcVaXjZm6f2$wMSd+0cF5jFdtCWq0t6IE1xTxPETEGgR2buPEKaaDs0=", "last_login": null, "is_superuser": false, "username": "regina", "first_name": "", "last_name": "", "email": "regina@hotmail.com", "is_staff": false, "is_active": true, "date_joined": "2017-01-22T12:36:44.515Z", "groups": [], "user_permissions": []}}, {"model": "auth.user", "pk": 48, "fields": {"password": "pbkdf2_sha256$30000$CMSDQCTk5NJ3$RXZ1kDYmcO00YkgTgC0nuxkmjtQNg8v7/Mz318i4bZ8=", "last_login": null, "is_superuser": false, "username": "tiesto", "first_name": "", "last_name": "", "email": "tiesto@hotmail.com", "is_staff": false, "is_active": true, "date_joined": "2017-01-22T15:48:23.614Z", "groups": [], "user_permissions": []}}, {"model": "auth.user", "pk": 49, "fields": {"password": "pbkdf2_sha256$30000$LxRLCeGBfHPM$haxxRLTnx6kLCXxGhnvaI2KjsvFVdVEimfg8yaRlrS8=", "last_login": null, "is_superuser": false, "username": "jabulane", "first_name": "", "last_name": "", "email": "jabulane@hotmail.com", "is_staff": false, "is_active": true, "date_joined": "2017-01-22T15:52:46.057Z", "groups": [], "user_permissions": []}}, {"model": "auth.user", "pk": 50, "fields": {"password": "pbkdf2_sha256$30000$R9JjXPXGMDcp$mX68JXgtB7YBVauy71f8fmqE7fECiOcIHz6aixVp6XA=", "last_login": null, "is_superuser": false, "username": "obama", "first_name": "", "last_name": "", "email": "obama@hotmail.com", "is_staff": false, "is_active": true, "date_joined": "2017-01-22T15:53:35.380Z", "groups": [], "user_permissions": []}}, {"model": "auth.user", "pk": 51, "fields": {"password": "pbkdf2_sha256$30000$ehJpgeXo6yBr$MPr1e1aeYq5NPS4Uyr89gS9NqTFbYU5g6WnRgLtrE00=", "last_login": null, "is_superuser": false, "username": "michele", "first_name": "", "last_name": "", "email": "michele@hotmail.com", "is_staff": false, "is_active": true, "date_joined": "2017-01-22T15:56:35.624Z", "groups": [], "user_permissions": []}}, {"model": "auth.user", "pk": 52, "fields": {"password": "pbkdf2_sha256$30000$dutHUcfsTsQC$EQT6A115+hzqnzfb2i0I9NU7TXsEaqDR2kW5v7FrJ2o=", "last_login": null, "is_superuser": false, "username": "melaine", "first_name": "", "last_name": "", "email": "melaine@hotmail.com", "is_staff": false, "is_active": true, "date_joined": "2017-01-22T15:58:34.636Z", "groups": [], "user_permissions": []}}, {"model": "auth.user", "pk": 53, "fields": {"password": "pbkdf2_sha256$30000$Zw83hTrJ2Awb$QEtTZOhSKzW1ye4HqtQn4CDDOYyblDwkVhKeQAUB0qA=", "last_login": null, "is_superuser": false, "username": "bebeta", "first_name": "", "last_name": "", "email": "bebeta@hotmail.com", "is_staff": false, "is_active": true, "date_joined": "2017-01-22T16:18:32.029Z", "groups": [], "user_permissions": []}}, {"model": "auth.user", "pk": 54, "fields": {"password": "pbkdf2_sha256$30000$FTZIiMP7yTVY$Pl37ovZYmIooy+GidMKkR7NzAoH2o8i7bSwQPMULlkY=", "last_login": null, "is_superuser": false, "username": "evandro", "first_name": "", "last_name": "", "email": "evandro@hotmail.com", "is_staff": false, "is_active": true, "date_joined": "2017-01-22T17:05:36.239Z", "groups": [], "user_permissions": []}}, {"model": "auth.user", "pk": 55, "fields": {"password": "pbkdf2_sha256$30000$8PDq80U7aKIs$dokXuEuHPPLC0VjQupWj/iZ/9eMzKpAhBhe7Wxgw7Cw=", "last_login": null, "is_superuser": false, "username": "janele", "first_name": "", "last_name": "", "email": "janele@hotmail.com", "is_staff": false, "is_active": true, "date_joined": "2017-01-22T17:55:58.388Z", "groups": [], "user_permissions": []}}, {"model": "auth.user", "pk": 56, "fields": {"password": "pbkdf2_sha256$30000$DzOQWLesFI6F$PMHj6BGMSTq93fxfy/mbDQ3RN6rVxLsCWZhi8SJdNO4=", "last_login": null, "is_superuser": false, "username": "atalanta", "first_name": "", "last_name": "", "email": "atalanta@hotmail.com", "is_staff": false, "is_active": true, "date_joined": "2017-01-22T20:19:47.848Z", "groups": [], "user_permissions": []}}, {"model": "auth.user", "pk": 57, "fields": {"password": "pbkdf2_sha256$30000$m86PcEDocU9e$NWVuGz0CDiWKeK5jt8XRLjOw1jfTyEw0zEXO96u7JXo=", "last_login": null, "is_superuser": false, "username": "simone", "first_name": "", "last_name": "", "email": "simone@hotmail.com", "is_staff": false, "is_active": true, "date_joined": "2017-01-22T20:39:37.467Z", "groups": [], "user_permissions": []}}, {"model": "auth.user", "pk": 58, "fields": {"password": "pbkdf2_sha256$30000$KRWfMc0UfNF3$VtPCVmPVn8N6y0WqrNLH654ICGYDKvd4nHHQ010KGkw=", "last_login": null, "is_superuser": false, "username": "paula", "first_name": "", "last_name": "", "email": "paula@hotmail.com", "is_staff": false, "is_active": true, "date_joined": "2017-01-22T20:44:46.004Z", "groups": [], "user_permissions": []}}, {"model": "auth.user", "pk": 59, "fields": {"password": "pbkdf2_sha256$30000$gkq5JPdCu12J$VlBwwdG2mfJR/Z4583A1gA/hwItWcDKPrlc7R9SKei4=", "last_login": null, "is_superuser": false, "username": "monique", "first_name": "", "last_name": "", "email": "monique@hotmail.com", "is_staff": false, "is_active": true, "date_joined": "2017-01-22T21:01:00.937Z", "groups": [], "user_permissions": []}}, {"model": "auth.user", "pk": 60, "fields": {"password": "pbkdf2_sha256$30000$FmlmntA1Z6nT$GQIuScLH5T0Mgk6i2MIw+LN203DJCWswIBr61/0OmWM=", "last_login": null, "is_superuser": false, "username": "augusta", "first_name": "", "last_name": "", "email": "augusta@hotmail.com", "is_staff": false, "is_active": true, "date_joined": "2017-01-22T21:03:12.484Z", "groups": [], "user_permissions": []}}, {"model": "auth.user", "pk": 61, "fields": {"password": "pbkdf2_sha256$30000$lNlEfZ2gpNWV$IbdqioRTEhOCcbRep1OLVf7C3ePT64oG9Ugw/P1J0Vk=", "last_login": null, "is_superuser": false, "username": "marcos", "first_name": "", "last_name": "", "email": "marcos@hotmail.com", "is_staff": false, "is_active": true, "date_joined": "2017-01-22T21:37:24.829Z", "groups": [], "user_permissions": []}}, {"model": "auth.user", "pk": 66, "fields": {"password": "pbkdf2_sha256$30000$prm5yhPUPtY5$NMgLZTi1as5pJUc7+DG81flbgLayYoP40xrJ1SP9MGA=", "last_login": null, "is_superuser": false, "username": "julia", "first_name": "", "last_name": "", "email": "julia@hotmail.com", "is_staff": false, "is_active": true, "date_joined": "2017-01-29T23:45:09.981Z", "groups": [], "user_permissions": []}}, {"model": "auth.user", "pk": 67, "fields": {"password": "pbkdf2_sha256$30000$9KPKDdilYm4U$iYeXWmWCs/PQGq2zUCgZrwKW9W+x3SOdUcvaiIiu8Sk=", "last_login": null, "is_superuser": false, "username": "bianca", "first_name": "", "last_name": "", "email": "bianca@hotmail.com", "is_staff": false, "is_active": true, "date_joined": "2017-01-30T02:10:36.239Z", "groups": [], "user_permissions": []}}, {"model": "auth.user", "pk": 68, "fields": {"password": "pbkdf2_sha256$30000$4nMkhE1HdhnM$ZtWF0Std+tpzPi/GBSA/TvmPMg4PIWI5na9ZI2GhOMU=", "last_login": null, "is_superuser": false, "username": "matheus", "first_name": "", "last_name": "", "email": "matheus@hotmail.com", "is_staff": false, "is_active": true, "date_joined": "2017-01-30T02:14:35.226Z", "groups": [], "user_permissions": []}}, {"model": "auth.user", "pk": 70, "fields": {"password": "pbkdf2_sha256$30000$lGio3bvbMdtV$zrLVs/t/Ql+rn0N47uLKJFvCsOJwPSLyEcdrfzlwURE=", "last_login": null, "is_superuser": false, "username": "debora", "first_name": "", "last_name": "", "email": "debora@hotmail.com", "is_staff": false, "is_active": true, "date_joined": "2017-01-30T02:27:08.314Z", "groups": [], "user_permissions": []}}, {"model": "auth.user", "pk": 71, "fields": {"password": "pbkdf2_sha256$30000$jgbhBLgCf3Ub$2SbCAVxSOTCP5YvD3a0RQMs9ml1oSx28yRYrhN1SzIU=", "last_login": null, "is_superuser": false, "username": "barbara", "first_name": "Barbara", "last_name": "Medeiros", "email": "", "is_staff": false, "is_active": true, "date_joined": "2017-03-09T16:25:30Z", "groups": [], "user_permissions": []}}, {"model": "auth.user", "pk": 72, "fields": {"password": "pbkdf2_sha256$30000$xki26oe0eBSz$yS7d0ZJwi/8XQTnBmvxijnyclRVzAr3vup3Xdm/Gi3M=", "last_login": null, "is_superuser": false, "username": "camila", "first_name": "", "last_name": "", "email": "camila@hotmail.com", "is_staff": false, "is_active": true, "date_joined": "2017-03-09T18:09:04.714Z", "groups": [], "user_permissions": []}}, {"model": "auth.user", "pk": 73, "fields": {"password": "pbkdf2_sha256$30000$Z34zd3ELHq1V$aVW2dHtWfwLXaNh73pa72KMvDqTkefN+Lqy1tc0T4WE=", "last_login": null, "is_superuser": false, "username": "jurema", "first_name": "", "last_name": "", "email": "jurema@hotmail.com", "is_staff": false, "is_active": true, "date_joined": "2017-03-09T18:43:32.473Z", "groups": [], "user_permissions": []}}, {"model": "auth.user", "pk": 74, "fields": {"password": "pbkdf2_sha256$30000$MPZThO88f39G$nZMK3kGGNWmbdfUCRCZZ6B9lDi28UPoM++70dxIFgCg=", "last_login": null, "is_superuser": false, "username": "rosana", "first_name": "", "last_name": "", "email": "rosana@hotmail.com", "is_staff": false, "is_active": true, "date_joined": "2017-03-09T18:45:57.725Z", "groups": [], "user_permissions": []}}, {"model": "auth.user", "pk": 75, "fields": {"password": "pbkdf2_sha256$30000$ZmHCjD0ZPTV2$aKn7YFLLhOnaT/A2Qn9vHmfiETgsJKjcqJ+WJqIs3RA=", "last_login": null, "is_superuser": false, "username": "shakira", "first_name": "", "last_name": "", "email": "shakira@hotmail.com", "is_staff": false, "is_active": true, "date_joined": "2017-03-09T18:57:40.030Z", "groups": [], "user_permissions": []}}, {"model": "auth.user", "pk": 76, "fields": {"password": "pbkdf2_sha256$30000$hDzH7nI5RUQh$gzbUwReHp+yQOgRbWYQBL9yWJMeVV20Gtmyado+rKj0=", "last_login": null, "is_superuser": false, "username": "fabio", "first_name": "", "last_name": "", "email": "fabio@hotmail.com", "is_staff": false, "is_active": true, "date_joined": "2017-03-09T19:21:48.886Z", "groups": [], "user_permissions": []}}, {"model": "auth.user", "pk": 77, "fields": {"password": "pbkdf2_sha256$30000$dtrYOdO0qAWM$gVmQEwNpqfQT4HSn/fWrL+0yYDd0Wv168OUHihmKvVs=", "last_login": null, "is_superuser": false, "username": "edmilson", "first_name": "", "last_name": "", "email": "edmilson@hotmail.com", "is_staff": false, "is_active": true, "date_joined": "2017-03-09T19:35:10.310Z", "groups": [], "user_permissions": []}}, {"model": "auth.user", "pk": 78, "fields": {"password": "pbkdf2_sha256$30000$LRLDfSuYg32h$ehFAccTuVg7lORpOha2r015BCjhqVUV18DMjUqsZZ0M=", "last_login": null, "is_superuser": false, "username": "serena", "first_name": "", "last_name": "", "email": "serena@hotmail.com", "is_staff": false, "is_active": true, "date_joined": "2017-03-09T19:56:25.520Z", "groups": [], "user_permissions": []}}, {"model": "auth.user", "pk": 79, "fields": {"password": "pbkdf2_sha256$30000$AXAF1IDRCgpC$KNloIK1UVaZ4eaLcnw4SGqtpgjKTAUIjheWRNtmoB3s=", "last_login": null, "is_superuser": false, "username": "fabiola", "first_name": "", "last_name": "", "email": "fabiola@hotmail.com", "is_staff": false, "is_active": true, "date_joined": "2017-03-09T20:12:13.472Z", "groups": [], "user_permissions": []}}, {"model": "auth.user", "pk": 80, "fields": {"password": "pbkdf2_sha256$30000$cH8k4VxNnJCB$cB2DVBuXtoRQEEDsPhxbkx4JlkmTPbG7NYI3J2q8RCw=", "last_login": null, "is_superuser": false, "username": "rihanna", "first_name": "", "last_name": "", "email": "rihanna@hotmail.com", "is_staff": false, "is_active": true, "date_joined": "2017-03-13T17:36:00.451Z", "groups": [], "user_permissions": []}}, {"model": "auth.user", "pk": 81, "fields": {"password": "pbkdf2_sha256$30000$EUdjQz9H5Ngo$2APUxByBy5VrJ9M/x2R5pWTAvm+FICRTt6bwv6EYl6A=", "last_login": null, "is_superuser": false, "username": "rogeria", "first_name": "", "last_name": "", "email": "rogeria@hotmail.com", "is_staff": false, "is_active": true, "date_joined": "2017-03-13T18:40:06.329Z", "groups": [], "user_permissions": []}}, {"model": "main_site.perfil", "pk": 1, "fields": {"foto_perfil": 1, "user": 3, "cpf": null, "data_nascimento": null}}, {"model": "main_site.perfil", "pk": 2, "fields": {"foto_perfil": 1, "user": 4, "cpf": null, "data_nascimento": null}}, {"model": "main_site.perfil", "pk": 3, "fields": {"foto_perfil": 1, "user": 5, "cpf": null, "data_nascimento": null}}, {"model": "main_site.perfil", "pk": 5, "fields": {"foto_perfil": 1, "user": 35, "cpf": null, "data_nascimento": null}}, {"model": "main_site.perfil", "pk": 6, "fields": {"foto_perfil": 1, "user": 36, "cpf": null, "data_nascimento": null}}, {"model": "main_site.perfil", "pk": 7, "fields": {"foto_perfil": 1, "user": 37, "cpf": "09606574440", "data_nascimento": null}}, {"model": "main_site.perfil", "pk": 8, "fields": {"foto_perfil": 1, "user": 39, "cpf": "09854678930", "data_nascimento": "1968-12-24"}}, {"model": "main_site.perfil", "pk": 9, "fields": {"foto_perfil": 1, "user": 40, "cpf": "09853458930", "data_nascimento": "1987-07-24"}}, {"model": "main_site.perfil", "pk": 10, "fields": {"foto_perfil": 1, "user": 45, "cpf": null, "data_nascimento": null}}, {"model": "main_site.perfil", "pk": 12, "fields": {"foto_perfil": 1, "user": 48, "cpf": null, "data_nascimento": null}}, {"model": "main_site.perfil", "pk": 13, "fields": {"foto_perfil": 1, "user": 49, "cpf": null, "data_nascimento": null}}, {"model": "main_site.perfil", "pk": 14, "fields": {"foto_perfil": 1, "user": 50, "cpf": null, "data_nascimento": null}}, {"model": "main_site.perfil", "pk": 15, "fields": {"foto_perfil": 1, "user": 51, "cpf": null, "data_nascimento": null}}, {"model": "main_site.perfil", "pk": 16, "fields": {"foto_perfil": 1, "user": 52, "cpf": null, "data_nascimento": null}}, {"model": "main_site.perfil", "pk": 17, "fields": {"foto_perfil": 1, "user": 54, "cpf": null, "data_nascimento": null}}, {"model": "main_site.perfil", "pk": 18, "fields": {"foto_perfil": 1, "user": 55, "cpf": null, "data_nascimento": null}}, {"model": "main_site.perfil", "pk": 19, "fields": {"foto_perfil": 1, "user": 56, "cpf": null, "data_nascimento": null}}, {"model": "main_site.perfil", "pk": 20, "fields": {"foto_perfil": 1, "user": 57, "cpf": null, "data_nascimento": null}}, {"model": "main_site.perfil", "pk": 21, "fields": {"foto_perfil": 1, "user": 58, "cpf": null, "data_nascimento": null}}, {"model": "main_site.perfil", "pk": 22, "fields": {"foto_perfil": 1, "user": 59, "cpf": null, "data_nascimento": null}}, {"model": "main_site.perfil", "pk": 23, "fields": {"foto_perfil": 1, "user": 60, "cpf": null, "data_nascimento": null}}, {"model": "main_site.perfil", "pk": 24, "fields": {"foto_perfil": 1, "user": 61, "cpf": null, "data_nascimento": null}}, {"model": "main_site.perfil", "pk": 29, "fields": {"foto_perfil": 1, "user": 66, "cpf": null, "data_nascimento": null}}, {"model": "main_site.perfil", "pk": 30, "fields": {"foto_perfil": 1, "user": 67, "cpf": null, "data_nascimento": null}}, {"model": "main_site.perfil", "pk": 31, "fields": {"foto_perfil": 1, "user": 68, "cpf": null, "data_nascimento": null}}, {"model": "main_site.perfil", "pk": 33, "fields": {"foto_perfil": 2, "user": 70, "cpf": null, "data_nascimento": null}}, {"model": "main_site.perfil", "pk": 34, "fields": {"foto_perfil": 3, "user": 71, "cpf": "06875523588", "data_nascimento": "1991-05-22"}}, {"model": "main_site.perfil", "pk": 35, "fields": {"foto_perfil": 1, "user": 72, "cpf": null, "data_nascimento": null}}, {"model": "main_site.perfil", "pk": 36, "fields": {"foto_perfil": 1, "user": 73, "cpf": null, "data_nascimento": null}}, {"model": "main_site.perfil", "pk": 37, "fields": {"foto_perfil": 1, "user": 74, "cpf": null, "data_nascimento": null}}, {"model": "main_site.perfil", "pk": 38, "fields": {"foto_perfil": 1, "user": 75, "cpf": null, "data_nascimento": null}}, {"model": "main_site.perfil", "pk": 39, "fields": {"foto_perfil": 1, "user": 76, "cpf": null, "data_nascimento": null}}, {"model": "main_site.perfil", "pk": 40, "fields": {"foto_perfil": 1, "user": 77, "cpf": null, "data_nascimento": null}}, {"model": "main_site.perfil", "pk": 41, "fields": {"foto_perfil": 1, "user": 78, "cpf": null, "data_nascimento": null}}, {"model": "main_site.perfil", "pk": 42, "fields": {"foto_perfil": 1, "user": 79, "cpf": null, "data_nascimento": null}}, {"model": "main_site.perfil", "pk": 43, "fields": {"foto_perfil": 1, "user": 80, "cpf": null, "data_nascimento": null}}, {"model": "main_site.perfil", "pk": 44, "fields": {"foto_perfil": 1, "user": 81, "cpf": null, "data_nascimento": null}}, {"model": "main_site.historicallog_peso", "pk": 1, "fields": {"id": 1, "peso": "82.50", "data": "2017-03-15T14:35:42.984Z", "participante": 18, "history_date": "2017-03-15T14:35:43.125Z", "history_user": null, "history_type": "+"}}, {"model": "main_site.historicallog_peso", "pk": 2, "fields": {"id": 1, "peso": "83.70", "data": "2017-03-15T14:35:42.984Z", "participante": 18, "history_date": "2017-03-15T14:44:47.669Z", "history_user": null, "history_type": "~"}}, {"model": "main_site.historicallog_peso", "pk": 3, "fields": {"id": 1, "peso": "83.70", "data": "2017-03-15T14:35:42.984Z", "participante": 18, "history_date": "2017-03-16T20:36:13.233Z", "history_user": null, "history_type": "-"}}, {"model": "main_site.historicallog_peso", "pk": 4, "fields": {"id": 1, "peso": "69.00", "data": "2017-03-22T15:00:51.320Z", "participante": 18, "history_date": "2017-03-22T15:00:51.403Z", "history_user": null, "history_type": "+"}}, {"model": "main_site.historicallog_peso", "pk": 5, "fields": {"id": 1, "peso": "68.30", "data": "2017-03-22T15:00:51.320Z", "participante": 18, "history_date": "2017-03-22T15:06:43.575Z", "history_user": null, "history_type": "~"}}, {"model": "main_site.historicallog_peso", "pk": 6, "fields": {"id": 1, "peso": "67.50", "data": "2017-03-22T15:00:51.320Z", "participante": 18, "history_date": "2017-03-22T15:15:48.197Z", "history_user": null, "history_type": "~"}}, {"model": "main_site.historicallog_peso", "pk": 7, "fields": {"id": 1, "peso": "67.20", "data": "2017-03-22T15:00:51.320Z", "participante": 18, "history_date": "2017-03-22T15:17:22.610Z", "history_user": null, "history_type": "~"}}, {"model": "main_site.historicallog_peso", "pk": 8, "fields": {"id": 2, "peso": "72.00", "data": "2017-03-22T17:32:39.048Z", "participante": 17, "history_date": "2017-03-22T17:32:39.171Z", "history_user": null, "history_type": "+"}}, {"model": "main_site.historicallog_peso", "pk": 9, "fields": {"id": 2, "peso": "71.50", "data": "2017-03-22T17:32:39.048Z", "participante": 17, "history_date": "2017-03-22T17:33:04.422Z", "history_user": null, "history_type": "~"}}, {"model": "main_site.historicallog_peso", "pk": 10, "fields": {"id": 3, "peso": "67.00", "data": "2017-03-22T21:43:45.808Z", "participante": 16, "history_date": "2017-03-22T21:43:46.121Z", "history_user": null, "history_type": "+"}}, {"model": "main_site.historicallog_peso", "pk": 11, "fields": {"id": 3, "peso": "67.00", "data": "2017-03-22T21:43:45.808Z", "participante": 16, "history_date": "2017-03-26T23:32:57.264Z", "history_user": null, "history_type": "-"}}, {"model": "main_site.historicallog_peso", "pk": 12, "fields": {"id": 2, "peso": "71.50", "data": "2017-03-22T17:32:39.048Z", "participante": 17, "history_date": "2017-03-26T23:32:57.264Z", "history_user": null, "history_type": "-"}}, {"model": "main_site.historicallog_peso", "pk": 13, "fields": {"id": 1, "peso": "67.20", "data": "2017-03-22T15:00:51.320Z", "participante": 18, "history_date": "2017-03-26T23:32:57.264Z", "history_user": null, "history_type": "-"}}, {"model": "main_site.historicallog_meal", "pk": 1, "fields": {"id": 1, "refeicao_nome": "Almoco", "data_hora": "2017-03-25T20:07:15.119Z", "person": 1, "log_item_ptr": 1, "history_date": "2017-03-25T20:07:15.468Z", "history_user": null, "history_type": "+"}}, {"model": "main_site.historicallog_meal", "pk": 2, "fields": {"id": 1, "refeicao_nome": "Jantar", "data_hora": "2017-03-25T20:08:51.512Z", "person": 1, "log_item_ptr": 1, "history_date": "2017-03-25T20:08:57.901Z", "history_user": null, "history_type": "~"}}, {"model": "main_site.historicallog_meal", "pk": 3, "fields": {"id": 3, "refeicao_nome": "Lanche", "data_hora": "2017-03-25T20:27:28.579Z", "person": 1, "log_item_ptr": 3, "history_date": "2017-03-25T20:27:28.990Z", "history_user": null, "history_type": "+"}}, {"model": "main_site.historicallog_meal", "pk": 4, "fields": {"id": 4, "refeicao_nome": "Cafe da manha", "data_hora": "2017-03-25T20:28:22.991Z", "person": 1, "log_item_ptr": 4, "history_date": "2017-03-25T20:28:22.995Z", "history_user": null, "history_type": "+"}}, {"model": "main_site.historicallog_weight", "pk": 1, "fields": {"id": 2, "peso": 72, "data_hora": "2017-03-25T20:11:25.718Z", "person": 1, "log_item_ptr": 2, "history_date": "2017-03-25T20:11:25.724Z", "history_user": null, "history_type": "+"}}, {"model": "authtoken.token", "pk": "004b799b8046015c239e10b3f906788bec2d9892", "fields": {"user": 11, "created": "2017-01-15T16:05:00.335Z"}}, {"model": "authtoken.token", "pk": "03269a01bff5a24acf90cbcf4c804168fe342ac5", "fields": {"user": 17, "created": "2017-01-16T02:54:01.048Z"}}, {"model": "authtoken.token", "pk": "0450170f7ddba18d333e9a5a6da8671efe81e634", "fields": {"user": 33, "created": "2017-01-21T01:32:34.968Z"}}, {"model": "authtoken.token", "pk": "0ab2ab039845e4c5ab981f0a793e54ec392f95cd", "fields": {"user": 23, "created": "2017-01-16T12:46:03.623Z"}}, {"model": "authtoken.token", "pk": "0ba4c76fb9a89f7e3986a7acf01b1688d55676ce", "fields": {"user": 2, "created": "2017-01-11T19:42:35.305Z"}}, {"model": "authtoken.token", "pk": "0cc4bc3e83010b7808a17fff5e47e8cf4fc21c58", "fields": {"user": 7, "created": "2017-01-14T01:15:12.519Z"}}, {"model": "authtoken.token", "pk": "0f0898659f73dad012e2d0bd95ab3eedfe33064d", "fields": {"user": 16, "created": "2017-01-15T17:15:21.030Z"}}, {"model": "authtoken.token", "pk": "13e3f413e9fc7102db5e7939bc21803d7b5d0fde", "fields": {"user": 6, "created": "2017-01-13T20:44:26.547Z"}}, {"model": "authtoken.token", "pk": "14e6e9bb038d483a3829f7dd30a06594a12df97e", "fields": {"user": 54, "created": "2017-01-22T17:05:36.380Z"}}, {"model": "authtoken.token", "pk": "1a7a4aa6c7a20dbbbdc6426bba832e31be409d0a", "fields": {"user": 72, "created": "2017-03-09T18:09:04.834Z"}}, {"model": "authtoken.token", "pk": "1c02b4bf611f7c06f1a58ca27d632e52e12ec78f", "fields": {"user": 8, "created": "2017-01-14T01:30:24.549Z"}}, {"model": "authtoken.token", "pk": "23f2e421f4ed13c947cd973f48f93621e914e945", "fields": {"user": 29, "created": "2017-01-16T15:16:53.358Z"}}, {"model": "authtoken.token", "pk": "2625f9096bfb991ffead2e751b75f31bc09c788e", "fields": {"user": 22, "created": "2017-01-16T03:46:21.283Z"}}, {"model": "authtoken.token", "pk": "28ae482bd2a1810326864456130b191c55b8798a", "fields": {"user": 32, "created": "2017-01-20T13:51:59.854Z"}}, {"model": "authtoken.token", "pk": "2ac67872e940bdc204993c04dad7ad9e1b3db364", "fields": {"user": 70, "created": "2017-01-30T02:27:08.431Z"}}, {"model": "authtoken.token", "pk": "3d2b177928cbb34a5b3c43778fa9a4bcc829eebf", "fields": {"user": 59, "created": "2017-01-22T21:01:01.075Z"}}, {"model": "authtoken.token", "pk": "46cd8dcf2ba00255fbda11ea124bd2fc3db5d343", "fields": {"user": 78, "created": "2017-03-09T19:56:25.630Z"}}, {"model": "authtoken.token", "pk": "49a1b9ac7e116a796d016d8ace1530dafc954055", "fields": {"user": 41, "created": "2017-01-22T12:13:32.339Z"}}, {"model": "authtoken.token", "pk": "4c7ee03784a21e98acbe0fa740c8896a24f83ad9", "fields": {"user": 51, "created": "2017-01-22T15:56:35.764Z"}}, {"model": "authtoken.token", "pk": "4c8d343558c9643051bb103a71ca2ba99d383ff9", "fields": {"user": 36, "created": "2017-01-22T11:15:14.390Z"}}, {"model": "authtoken.token", "pk": "4fe5378031cc3f3b8a0066d01df502233e39df6c", "fields": {"user": 58, "created": "2017-01-22T20:44:46.104Z"}}, {"model": "authtoken.token", "pk": "505bb08ec8483e340a13672c7952d0837cf6d0e2", "fields": {"user": 1, "created": "2017-01-11T20:01:33.307Z"}}, {"model": "authtoken.token", "pk": "5a7eea12da9c11b4277f2d3f7aca996e34738f15", "fields": {"user": 66, "created": "2017-01-29T23:45:10.132Z"}}, {"model": "authtoken.token", "pk": "5be1b25eb4b434b023944fd7016e036295f00404", "fields": {"user": 26, "created": "2017-01-16T13:49:14.570Z"}}, {"model": "authtoken.token", "pk": "5be9de534e9bc83b5509e24b74dd7531d9e9f6a5", "fields": {"user": 13, "created": "2017-01-15T16:51:12.652Z"}}, {"model": "authtoken.token", "pk": "5c970e8dc001437b5c5b45c8076eda8e2feb6e35", "fields": {"user": 68, "created": "2017-01-30T02:14:35.375Z"}}, {"model": "authtoken.token", "pk": "640e14a4e7a1813a9cf81f4c6cac57288ae9ccf1", "fields": {"user": 80, "created": "2017-03-13T17:36:00.602Z"}}, {"model": "authtoken.token", "pk": "64a36775123f61ba44afa64cde0df3f4382ea197", "fields": {"user": 56, "created": "2017-01-22T20:19:47.992Z"}}, {"model": "authtoken.token", "pk": "67e43f054e031d8acd4e36846e6970eb72c07b13", "fields": {"user": 5, "created": "2017-01-11T19:50:02.513Z"}}, {"model": "authtoken.token", "pk": "6d280e1872ac1d7ab49d0f1ab4dc86cae143c7f8", "fields": {"user": 4, "created": "2017-01-11T20:01:33.391Z"}}, {"model": "authtoken.token", "pk": "6e38e68ba93d95684b161bf89265834df5d3a3ab", "fields": {"user": 42, "created": "2017-01-22T12:17:45.378Z"}}, {"model": "authtoken.token", "pk": "72e4f85285dc2fda84c24fb0cfa529b0e0238ef3", "fields": {"user": 39, "created": "2017-01-22T12:08:02.935Z"}}, {"model": "authtoken.token", "pk": "75260280f6eeb04b3d6c5847cdc167914f39b1fc", "fields": {"user": 12, "created": "2017-01-15T16:47:27.432Z"}}, {"model": "authtoken.token", "pk": "801834577d40d1946760e376c9d67a629ff6f27a", "fields": {"user": 3, "created": "2017-01-11T20:01:33.375Z"}}, {"model": "authtoken.token", "pk": "817843244ee04a512db4e7bb5f0781f03b242a40", "fields": {"user": 45, "created": "2017-01-22T12:36:44.624Z"}}, {"model": "authtoken.token", "pk": "836295831ee9803650563236d53e437327e2440c", "fields": {"user": 76, "created": "2017-03-09T19:21:48.992Z"}}, {"model": "authtoken.token", "pk": "880b1fdfa96260d54045cc2e5fe917f883962f7b", "fields": {"user": 61, "created": "2017-01-22T21:37:24.955Z"}}, {"model": "authtoken.token", "pk": "89c1132fb2ff3c7071c33b7e3d68dfb7f6ae0c77", "fields": {"user": 55, "created": "2017-01-22T17:55:58.556Z"}}, {"model": "authtoken.token", "pk": "8c64bbff1901a67ca311fc354efc471828d937fe", "fields": {"user": 73, "created": "2017-03-09T18:43:33.085Z"}}, {"model": "authtoken.token", "pk": "8e9caec97ede643ee4f6c1ce6c64bc7a30559368", "fields": {"user": 10, "created": "2017-01-14T01:38:48.093Z"}}, {"model": "authtoken.token", "pk": "907273ad289ab36547cdbbaaa73cf860a1e13d29", "fields": {"user": 49, "created": "2017-01-22T15:52:46.190Z"}}, {"model": "authtoken.token", "pk": "953344ae7a8765f92550b4336cfe4cc364b1a2dc", "fields": {"user": 53, "created": "2017-01-22T16:18:32.238Z"}}, {"model": "authtoken.token", "pk": "967ada40f3b9cbd7d86c30b347fd26b26825c17a", "fields": {"user": 19, "created": "2017-01-16T03:37:44.736Z"}}, {"model": "authtoken.token", "pk": "99012869a26908b109d6ca560625045f1c97859d", "fields": {"user": 52, "created": "2017-01-22T15:58:34.751Z"}}, {"model": "authtoken.token", "pk": "9ba4cbf65a0084fac77d24a71c780c981f3310f9", "fields": {"user": 25, "created": "2017-01-16T13:43:38.193Z"}}, {"model": "authtoken.token", "pk": "a1528e83c5e0018c441d43ca772ea443cad44e1b", "fields": {"user": 14, "created": "2017-01-15T16:54:51.445Z"}}, {"model": "authtoken.token", "pk": "a555daf80a317e949465a600e85c91995d80694b", "fields": {"user": 81, "created": "2017-03-13T18:40:06.519Z"}}, {"model": "authtoken.token", "pk": "a66271400511818593855eaae6cd02a0ff2bb546", "fields": {"user": 20, "created": "2017-01-16T03:40:07.439Z"}}, {"model": "authtoken.token", "pk": "a67e0dd2d12f3c81f9d5d080f5b150b6b352a96c", "fields": {"user": 50, "created": "2017-01-22T15:53:35.502Z"}}, {"model": "authtoken.token", "pk": "aaa13bcab31af305e3309042bcb17acd65b71647", "fields": {"user": 77, "created": "2017-03-09T19:35:10.512Z"}}, {"model": "authtoken.token", "pk": "ab7cc5e8f0da86dff9fe7c85b48cb87182a6b5e6", "fields": {"user": 67, "created": "2017-01-30T02:10:36.381Z"}}, {"model": "authtoken.token", "pk": "acf5ddf6dd5ec5c026995802e5b2b6ed9e080226", "fields": {"user": 75, "created": "2017-03-09T18:57:40.136Z"}}, {"model": "authtoken.token", "pk": "ae002d4f5e95007411b3511dc1407dac082ebb93", "fields": {"user": 30, "created": "2017-01-16T15:20:10.662Z"}}, {"model": "authtoken.token", "pk": "b0c3e1715d1230d10267005dddb571f75bb6c669", "fields": {"user": 79, "created": "2017-03-09T20:12:13.579Z"}}, {"model": "authtoken.token", "pk": "b2665c57f1bede018cbbc253f422d697bdd81a32", "fields": {"user": 40, "created": "2017-01-22T12:12:13.351Z"}}, {"model": "authtoken.token", "pk": "b407983d8a4cf0b3944b43e6a578f91fe9b3b4c1", "fields": {"user": 37, "created": "2017-01-22T11:26:37.330Z"}}, {"model": "authtoken.token", "pk": "c545ca0f0ac0f9e119c1027b0a161cb83eac6646", "fields": {"user": 18, "created": "2017-01-16T02:55:22.430Z"}}, {"model": "authtoken.token", "pk": "ce45156694241d98e3b6f701af1ae9c2340e35f9", "fields": {"user": 27, "created": "2017-01-16T14:25:37.591Z"}}, {"model": "authtoken.token", "pk": "d3cacc260062c568b5b98c637fd7906a69895f89", "fields": {"user": 35, "created": "2017-01-22T11:06:34.447Z"}}, {"model": "authtoken.token", "pk": "dc8bab1376fecdb736d70786e8b9e67d80d94fe2", "fields": {"user": 57, "created": "2017-01-22T20:39:37.567Z"}}, {"model": "authtoken.token", "pk": "e8b2317631563c2c835c461406f2c119a13976fd", "fields": {"user": 48, "created": "2017-01-22T15:48:23.815Z"}}, {"model": "authtoken.token", "pk": "eac94cfdac35a73db2e6b990a471040f1c0c6a5d", "fields": {"user": 15, "created": "2017-01-15T17:07:37.549Z"}}, {"model": "authtoken.token", "pk": "ed21202bd454ce4d041fa7c1cba65f9888955414", "fields": {"user": 21, "created": "2017-01-16T03:41:48.576Z"}}, {"model": "authtoken.token", "pk": "f15935c0068be3c97067ace6a1dcfd903bfb48fb", "fields": {"user": 9, "created": "2017-01-14T01:35:35.632Z"}}, {"model": "authtoken.token", "pk": "f685508bfe7f58f0a7757075b02828aa3cc80ec9", "fields": {"user": 60, "created": "2017-01-22T21:03:12.599Z"}}, {"model": "authtoken.token", "pk": "f68a421f6efc90f828788f88e1b2e9594d1e4491", "fields": {"user": 71, "created": "2017-03-09T16:25:30.833Z"}}, {"model": "authtoken.token", "pk": "f6ce7684d89c252087caada0c345b7eacb4b477f", "fields": {"user": 74, "created": "2017-03-09T18:45:58.031Z"}}, {"model": "authtoken.token", "pk": "fa5e8e2dd837bfc3400d714c243b9e2d5c155cfe", "fields": {"user": 28, "created": "2017-01-16T15:05:50.812Z"}}, {"model": "authtoken.token", "pk": "faf06c1ecdbba3239f6a3a25ab10d3f7943ff7a9", "fields": {"user": 24, "created": "2017-01-16T13:28:40.210Z"}}, {"model": "authtoken.token", "pk": "fc8f79d4cb859e31e39741e82388142b660a690a", "fields": {"user": 31, "created": "2017-01-16T21:31:34.136Z"}}, {"model": "admin.logentry", "pk": 1, "fields": {"action_time": "2016-12-19T19:29:10.591Z", "user": 1, "content_type": 8, "object_id": "8", "object_repr": "Receita object", "action_flag": 3, "change_message": ""}}, {"model": "admin.logentry", "pk": 2, "fields": {"action_time": "2016-12-19T19:29:17.982Z", "user": 1, "content_type": 8, "object_id": "6", "object_repr": "Receita object", "action_flag": 3, "change_message": ""}}, {"model": "admin.logentry", "pk": 3, "fields": {"action_time": "2016-12-19T19:29:48.198Z", "user": 1, "content_type": 8, "object_id": "10", "object_repr": "Receita object", "action_flag": 3, "change_message": ""}}, {"model": "admin.logentry", "pk": 4, "fields": {"action_time": "2017-01-22T11:05:50.237Z", "user": 1, "content_type": 12, "object_id": "4", "object_repr": "", "action_flag": 3, "change_message": ""}}, {"model": "admin.logentry", "pk": 5, "fields": {"action_time": "2017-01-22T11:06:15.845Z", "user": 1, "content_type": 4, "object_id": "34", "object_repr": "Hero", "action_flag": 3, "change_message": ""}}, {"model": "admin.logentry", "pk": 6, "fields": {"action_time": "2017-01-22T12:07:51.002Z", "user": 1, "content_type": 4, "object_id": "38", "object_repr": "jorge", "action_flag": 3, "change_message": ""}}, {"model": "admin.logentry", "pk": 7, "fields": {"action_time": "2017-01-22T12:37:25.988Z", "user": 1, "content_type": 4, "object_id": "44", "object_repr": "jucilene", "action_flag": 3, "change_message": ""}}, {"model": "admin.logentry", "pk": 8, "fields": {"action_time": "2017-01-22T12:38:16.464Z", "user": 1, "content_type": 4, "object_id": "43", "object_repr": "jurema", "action_flag": 3, "change_message": ""}}, {"model": "admin.logentry", "pk": 9, "fields": {"action_time": "2017-01-22T15:45:32.674Z", "user": 1, "content_type": 4, "object_id": "46", "object_repr": "tiesto", "action_flag": 3, "change_message": ""}}, {"model": "admin.logentry", "pk": 10, "fields": {"action_time": "2017-01-22T15:47:01.729Z", "user": 1, "content_type": 12, "object_id": "11", "object_repr": "tiesto", "action_flag": 3, "change_message": ""}}, {"model": "admin.logentry", "pk": 11, "fields": {"action_time": "2017-01-22T15:47:24.370Z", "user": 1, "content_type": 4, "object_id": "47", "object_repr": "tiesto", "action_flag": 3, "change_message": ""}}, {"model": "admin.logentry", "pk": 12, "fields": {"action_time": "2017-03-08T19:34:36.392Z", "user": 1, "content_type": 18, "object_id": "24", "object_repr": "Grupo 24 coach debora", "action_flag": 2, "change_message": "[{\"changed\": {\"fields\": [\"data_inicio\"]}}]"}}, {"model": "admin.logentry", "pk": 13, "fields": {"action_time": "2017-03-08T19:34:58.569Z", "user": 1, "content_type": 18, "object_id": "23", "object_repr": "Grupo 23 coach debora", "action_flag": 2, "change_message": "[{\"changed\": {\"fields\": [\"data_inicio\"]}}]"}}, {"model": "admin.logentry", "pk": 14, "fields": {"action_time": "2017-03-08T19:35:28.236Z", "user": 1, "content_type": 18, "object_id": "22", "object_repr": "Grupo 22 coach debora", "action_flag": 2, "change_message": "[{\"changed\": {\"fields\": [\"chat\", \"data_inicio\"]}}]"}}, {"model": "admin.logentry", "pk": 15, "fields": {"action_time": "2017-03-08T19:35:51.274Z", "user": 1, "content_type": 18, "object_id": "21", "object_repr": "Grupo 21 coach debora", "action_flag": 2, "change_message": "[{\"changed\": {\"fields\": [\"chat\", \"data_inicio\"]}}]"}}, {"model": "admin.logentry", "pk": 16, "fields": {"action_time": "2017-03-08T19:36:05.377Z", "user": 1, "content_type": 18, "object_id": "20", "object_repr": "Grupo 20 coach debora", "action_flag": 2, "change_message": "[{\"changed\": {\"fields\": [\"chat\", \"data_inicio\"]}}]"}}, {"model": "admin.logentry", "pk": 17, "fields": {"action_time": "2017-03-08T19:36:21.769Z", "user": 1, "content_type": 18, "object_id": "19", "object_repr": "Grupo 19 coach debora", "action_flag": 2, "change_message": "[{\"changed\": {\"fields\": [\"chat\", \"data_inicio\"]}}]"}}, {"model": "admin.logentry", "pk": 18, "fields": {"action_time": "2017-03-09T16:25:30.834Z", "user": 1, "content_type": 4, "object_id": "71", "object_repr": "barbara", "action_flag": 1, "change_message": "[{\"added\": {}}]"}}, {"model": "admin.logentry", "pk": 19, "fields": {"action_time": "2017-03-09T16:27:14.241Z", "user": 1, "content_type": 4, "object_id": "71", "object_repr": "barbara", "action_flag": 2, "change_message": "[{\"changed\": {\"fields\": [\"first_name\", \"last_name\"]}}]"}}, {"model": "admin.logentry", "pk": 20, "fields": {"action_time": "2017-03-09T16:33:30.565Z", "user": 1, "content_type": 12, "object_id": "34", "object_repr": "barbara", "action_flag": 1, "change_message": "[{\"added\": {}}]"}}, {"model": "admin.logentry", "pk": 21, "fields": {"action_time": "2017-03-09T16:36:03.195Z", "user": 1, "content_type": 14, "object_id": "15", "object_repr": "barbara", "action_flag": 1, "change_message": "[{\"added\": {}}]"}}, {"model": "admin.logentry", "pk": 22, "fields": {"action_time": "2017-03-09T16:36:27.557Z", "user": 1, "content_type": 14, "object_id": "15", "object_repr": "barbara", "action_flag": 2, "change_message": "[]"}}, {"model": "admin.logentry", "pk": 23, "fields": {"action_time": "2017-03-09T16:44:59.199Z", "user": 1, "content_type": 14, "object_id": "15", "object_repr": "barbara", "action_flag": 2, "change_message": "[]"}}, {"model": "admin.logentry", "pk": 24, "fields": {"action_time": "2017-03-09T16:45:46.836Z", "user": 1, "content_type": 14, "object_id": "15", "object_repr": "barbara", "action_flag": 2, "change_message": "[]"}}, {"model": "admin.logentry", "pk": 25, "fields": {"action_time": "2017-03-09T18:58:09.366Z", "user": 1, "content_type": 14, "object_id": "19", "object_repr": "shakira", "action_flag": 2, "change_message": "[]"}}, {"model": "admin.logentry", "pk": 26, "fields": {"action_time": "2017-03-09T19:05:08.878Z", "user": 1, "content_type": 18, "object_id": "25", "object_repr": "Grupo 25 coach shakira", "action_flag": 2, "change_message": "[]"}}, {"model": "admin.logentry", "pk": 27, "fields": {"action_time": "2017-03-09T20:03:10.919Z", "user": 1, "content_type": 14, "object_id": "22", "object_repr": "serena", "action_flag": 2, "change_message": "[]"}}]